-- phpMyAdmin SQL Dump
-- version 4.0.10.18
-- https://www.phpmyadmin.net
--
-- Host: localhost:3306
-- Generation Time: Apr 20, 2018 at 10:01 AM
-- Server version: 5.6.31-77.0-log
-- PHP Version: 5.6.30

SET SQL_MODE = "NO_AUTO_VALUE_ON_ZERO";
SET time_zone = "+00:00";


/*!40101 SET @OLD_CHARACTER_SET_CLIENT=@@CHARACTER_SET_CLIENT */;
/*!40101 SET @OLD_CHARACTER_SET_RESULTS=@@CHARACTER_SET_RESULTS */;
/*!40101 SET @OLD_COLLATION_CONNECTION=@@COLLATION_CONNECTION */;
/*!40101 SET NAMES utf8 */;

--
-- Database: `unitednu_plate_store`
--

-- --------------------------------------------------------

--
-- Table structure for table `tec_categories`
--

CREATE TABLE IF NOT EXISTS `tec_categories` (
  `id` int(11) NOT NULL AUTO_INCREMENT,
  `code` varchar(20) NOT NULL,
  `name` varchar(55) NOT NULL,
  PRIMARY KEY (`id`)
) ENGINE=MyISAM  DEFAULT CHARSET=utf8 AUTO_INCREMENT=7 ;

--
-- Dumping data for table `tec_categories`
--

INSERT INTO `tec_categories` (`id`, `code`, `name`) VALUES
(1, '01', 'Yellow'),
(2, '02', 'Red'),
(3, '03', 'Government '),
(4, '04', 'Export'),
(5, '05', 'Green'),
(6, '06', 'Motorcycle ');

-- --------------------------------------------------------

--
-- Table structure for table `tec_check_in`
--

CREATE TABLE IF NOT EXISTS `tec_check_in` (
  `id` int(11) NOT NULL AUTO_INCREMENT,
  `reference` varchar(55) NOT NULL,
  `date` datetime NOT NULL,
  `attachment` varchar(55) DEFAULT NULL,
  `supplier` int(11) DEFAULT NULL,
  `store_id` int(11) NOT NULL,
  `created_by` int(11) DEFAULT NULL,
  `updated_by` int(11) DEFAULT NULL,
  `updated_at` datetime DEFAULT NULL,
  `note` text,
  PRIMARY KEY (`id`)
) ENGINE=InnoDB  DEFAULT CHARSET=utf8 AUTO_INCREMENT=19 ;

--
-- Dumping data for table `tec_check_in`
--

INSERT INTO `tec_check_in` (`id`, `reference`, `date`, `attachment`, `supplier`, `store_id`, `created_by`, `updated_by`, `updated_at`, `note`) VALUES
(17, '711632850879', '2018-03-18 06:17:00', NULL, NULL, 11, 7, NULL, NULL, 'تم الاستلام دون ايصال'),
(18, '708539632270', '2018-03-27 11:20:00', NULL, NULL, 11, 7, NULL, NULL, '');

-- --------------------------------------------------------

--
-- Table structure for table `tec_check_in_items`
--

CREATE TABLE IF NOT EXISTS `tec_check_in_items` (
  `id` int(11) NOT NULL AUTO_INCREMENT,
  `check_in_id` int(11) NOT NULL,
  `item_id` int(11) NOT NULL,
  `quantity` int(11) NOT NULL,
  PRIMARY KEY (`id`),
  KEY `stock_in_no` (`check_in_id`,`item_id`)
) ENGINE=InnoDB  DEFAULT CHARSET=utf8 AUTO_INCREMENT=27 ;

--
-- Dumping data for table `tec_check_in_items`
--

INSERT INTO `tec_check_in_items` (`id`, `check_in_id`, `item_id`, `quantity`) VALUES
(1, 1, 3, 1),
(6, 3, 9, 1),
(7, 3, 10, 1),
(8, 4, 12, 1),
(9, 5, 12, 1),
(10, 6, 12, 2),
(11, 7, 13, 1),
(12, 8, 13, 20),
(13, 9, 15, 1),
(14, 10, 15, 5),
(15, 11, 17, 2),
(16, 12, 17, 200),
(17, 13, 18, 100),
(18, 14, 18, 100),
(19, 15, 28, 1000),
(20, 16, 30, 800),
(21, 17, 28, 70),
(22, 17, 29, 30),
(23, 17, 30, 100),
(24, 17, 31, 100),
(25, 17, 32, 50),
(26, 18, 29, 10000);

-- --------------------------------------------------------

--
-- Table structure for table `tec_check_out`
--

CREATE TABLE IF NOT EXISTS `tec_check_out` (
  `id` int(11) NOT NULL AUTO_INCREMENT,
  `reference` varchar(55) NOT NULL,
  `date` datetime NOT NULL,
  `attachment` varchar(55) DEFAULT NULL,
  `customer` int(11) DEFAULT NULL,
  `store_id` int(11) NOT NULL,
  `created_by` int(11) DEFAULT NULL,
  `updated_by` int(11) DEFAULT NULL,
  `updated_at` datetime DEFAULT NULL,
  `note` text,
  PRIMARY KEY (`id`)
) ENGINE=InnoDB  DEFAULT CHARSET=utf8 AUTO_INCREMENT=60 ;

--
-- Dumping data for table `tec_check_out`
--

INSERT INTO `tec_check_out` (`id`, `reference`, `date`, `attachment`, `customer`, `store_id`, `created_by`, `updated_by`, `updated_at`, `note`) VALUES
(38, '827823745403', '2018-03-18 06:20:00', NULL, NULL, 11, 7, NULL, NULL, ''),
(39, '274125650039', '2018-03-18 06:24:00', NULL, NULL, 11, 7, 7, '2018-04-10 08:31:10', ''),
(40, '976204258604', '2018-03-21 04:36:00', NULL, NULL, 11, 7, 7, '2018-03-21 04:54:56', ''),
(41, '942152970861', '2018-03-21 04:50:00', NULL, NULL, 11, 7, 7, '2018-04-10 09:45:22', ''),
(42, '176970436985', '2018-03-25 08:15:00', NULL, NULL, 11, 7, 7, '2018-04-12 05:30:47', ''),
(43, '074182968793', '2018-03-27 10:46:00', NULL, NULL, 11, 7, 7, '2018-04-10 06:44:01', ''),
(44, '509257340861', '2018-03-28 04:13:00', NULL, NULL, 11, 7, 7, '2018-04-10 09:44:37', ''),
(45, '607655341021', '2018-04-10 04:08:00', NULL, NULL, 11, 7, 7, '2018-04-10 09:59:10', ''),
(46, '273048919364', '2018-04-10 04:57:00', NULL, NULL, 11, 7, 7, '2018-04-10 09:45:43', ''),
(47, '281156439072', '2018-04-10 05:47:00', NULL, NULL, 11, 7, 7, '2018-04-10 09:43:38', ''),
(48, '020136578824', '2018-04-10 08:13:00', NULL, NULL, 11, 7, 7, '2018-04-10 09:43:15', ''),
(49, '319563402572', '2018-04-10 08:24:00', NULL, NULL, 11, 7, 7, '2018-04-10 09:55:43', ''),
(50, '580744353261   M', '2018-04-11 04:29:00', NULL, NULL, 11, 7, 7, '2018-04-12 05:22:43', ''),
(51, '314186527094 B', '2018-04-11 05:04:00', NULL, NULL, 11, 7, 7, '2018-04-12 06:40:23', ''),
(52, '687642301087    SMAII', '2018-04-11 05:53:00', NULL, NULL, 11, 7, 7, '2018-04-12 05:30:04', ''),
(53, '598705307261     B', '2018-04-12 06:40:00', NULL, NULL, 11, 7, 7, '2018-04-12 09:05:54', ''),
(54, '316690385142    M', '2018-04-12 06:44:00', NULL, NULL, 11, 7, 7, '2018-04-12 09:12:27', ''),
(55, '822896460735     S', '2018-04-12 06:53:00', NULL, NULL, 11, 7, 7, '2018-04-12 07:17:03', ''),
(56, '792664153840       B', '2018-04-17 05:36:00', NULL, NULL, 11, 7, NULL, NULL, ''),
(57, '291046854903    M', '2018-04-18 04:56:00', NULL, NULL, 11, 7, 7, '2018-04-19 05:14:23', ''),
(58, '197912063655       B', '2018-04-18 05:12:00', NULL, NULL, 11, 7, 7, '2018-04-19 04:54:29', ''),
(59, '807245671139   S', '2018-04-19 05:15:00', NULL, NULL, 11, 7, NULL, NULL, '');

-- --------------------------------------------------------

--
-- Table structure for table `tec_check_out_items`
--

CREATE TABLE IF NOT EXISTS `tec_check_out_items` (
  `id` int(11) NOT NULL AUTO_INCREMENT,
  `check_out_id` int(11) NOT NULL,
  `item_id` int(11) NOT NULL,
  `quantity` int(11) NOT NULL,
  `plate_code` varchar(250) NOT NULL,
  `plate_number` varchar(250) NOT NULL,
  PRIMARY KEY (`id`),
  KEY `stock_out_no` (`check_out_id`,`item_id`)
) ENGINE=InnoDB  DEFAULT CHARSET=utf8 AUTO_INCREMENT=4863 ;

--
-- Dumping data for table `tec_check_out_items`
--

INSERT INTO `tec_check_out_items` (`id`, `check_out_id`, `item_id`, `quantity`, `plate_code`, `plate_number`) VALUES
(1, 1, 9, 3, '', ''),
(2, 1, 9, 3, '', ''),
(3, 2, 9, 2, '', ''),
(4, 2, 9, 1, '', ''),
(5, 3, 9, 1, '', ''),
(6, 8, 9, 1, '455', '554'),
(7, 9, 9, 1, 'ddd', '55'),
(13, 10, 9, 1, '123', 'new'),
(14, 10, 9, 1, 'ss', 'ds'),
(15, 11, 13, 1, '12', '10'),
(16, 12, 13, 2, '78', '12'),
(17, 13, 13, 3, '10', '5'),
(18, 13, 13, 3, '10', '5'),
(19, 14, 13, 8, '12', '10'),
(20, 15, 14, 1, '10', '5'),
(21, 16, 15, 2, '16', '15'),
(22, 16, 15, 2, '16', '15'),
(37, 17, 17, 1, '3332', 'eee'),
(38, 17, 17, 2, '3322', 'ddd'),
(39, 18, 17, 2, 'ee', '222'),
(40, 18, 17, 2, 'sw', '4433'),
(41, 19, 17, 2, '22', '2222'),
(42, 20, 17, 2, '333', 'ddd'),
(43, 21, 17, 2, 'ff', '44555'),
(44, 21, 17, 2, 'ww', '3333'),
(45, 22, 17, 2, 'ab', '23445'),
(49, 23, 17, 2, 'dd', '3333'),
(50, 23, 17, 2, 'ac', '2211'),
(51, 23, 17, 2, '22', 'sss'),
(52, 23, 17, 2, '22', 'sdd'),
(53, 23, 17, 2, '22', 'ccd'),
(54, 23, 17, 2, '22', 'ddd'),
(55, 23, 17, 2, '22', 'sss'),
(56, 23, 17, 2, '22', 'ed'),
(57, 23, 17, 2, '32', 'dd'),
(58, 24, 23, 1, 'ab', '22333'),
(59, 25, 18, 2, 'ab', '2233'),
(60, 25, 19, 2, 'ac', '3455'),
(61, 25, 18, 2, 'ss', '2233'),
(62, 25, 20, 2, 'wa', '1237'),
(63, 25, 21, 2, 'ax', '1233'),
(64, 25, 22, 2, 'ax', '7788'),
(65, 26, 19, 2, 'ab', '33222'),
(66, 26, 21, 2, 'sc', '33'),
(67, 27, 19, 2, 'ab', '6656'),
(68, 27, 21, 2, 'gh', '442'),
(70, 28, 19, 2, 'hh', '6666'),
(71, 29, 18, 2, 'sc', '2233'),
(72, 30, 18, 2, 'ab', '7788'),
(73, 30, 21, 2, 'tr', '66778'),
(74, 31, 28, 2, 'AM', '4422'),
(75, 31, 28, 1, 'A', '421'),
(76, 32, 30, 1, 'bb', '12345'),
(83, 33, 28, 2, 'ed', '333222'),
(84, 33, 18, 2, 'eed', '11'),
(86, 34, 28, 2, 'sx', '222'),
(87, 34, 29, 2, 'cc', '11'),
(88, 35, 18, 2, 'ss', '33'),
(90, 36, 29, 2, 'ww', '232'),
(97, 37, 28, 2, 'ww', '11'),
(98, 37, 30, 2, 'ww', '11'),
(99, 37, 31, 2, 's', '20'),
(100, 37, 22, 2, 'dd', '33'),
(101, 38, 28, 50, 'qurum', '100'),
(118, 40, 30, 2, 'AD', '7102'),
(119, 40, 30, 2, 'S', '35920'),
(120, 40, 30, 2, 'D', '27448'),
(121, 40, 30, 2, 'M', '9714'),
(122, 40, 30, 2, 'AM', '1664'),
(123, 40, 30, 1, 'YM', '9804'),
(124, 40, 30, 2, 'DW', '3121'),
(125, 40, 30, 2, 'A', '50511'),
(126, 40, 30, 1, 'SB', '6705'),
(1374, 43, 29, 2, 'A', '80997'),
(1375, 43, 29, 2, 'H', '60733'),
(1376, 43, 29, 2, 'A', '81399'),
(1377, 43, 29, 2, 'D', '81014'),
(1378, 43, 29, 2, 'WW', '9229'),
(1379, 43, 29, 2, 'BW', '3093'),
(1380, 43, 29, 2, 'B', '86488'),
(1381, 43, 29, 2, 'R', '91675'),
(1382, 43, 29, 2, 'D', '83609'),
(1383, 43, 29, 2, 'D', '82052'),
(1384, 43, 29, 2, 'D', '83462'),
(1385, 43, 29, 2, 'R', '91941'),
(1386, 43, 29, 2, 'R', '68888'),
(1387, 43, 29, 2, 'B', '90343'),
(1388, 43, 29, 2, 'B', '84254'),
(1389, 43, 29, 2, 'D', '79681'),
(1390, 43, 29, 2, 'R', '89156'),
(1391, 43, 29, 2, 'Y', '14294'),
(1392, 43, 29, 2, 'Y', '19389'),
(1393, 43, 29, 2, 'Y', '51229'),
(1394, 43, 29, 2, 'D', '86212'),
(1395, 43, 29, 2, 'A', '81494'),
(1396, 43, 29, 2, 'S', '64260'),
(1397, 43, 29, 2, 'H', '51353'),
(1398, 43, 29, 2, 'H', '62367'),
(1399, 43, 29, 2, 'Y', '27435'),
(1400, 43, 29, 2, 'M', '10569'),
(1401, 43, 29, 2, 'M', '68975'),
(1402, 43, 29, 2, 'MM', '4988'),
(1403, 43, 29, 2, 'Y', '82077'),
(1404, 43, 29, 2, 'B', '87704'),
(1405, 43, 29, 2, 'W', '54648'),
(1406, 43, 29, 2, 'W', '28478'),
(1407, 43, 29, 2, 'S', '67606'),
(1408, 43, 29, 2, 'M', '30903'),
(1409, 43, 29, 2, 'AD', '1320'),
(1410, 43, 29, 2, 'D', '4727'),
(1411, 43, 29, 2, 'B', '91041'),
(1412, 43, 29, 2, 'Y', '9999'),
(1413, 43, 29, 2, 'S', '67820'),
(1414, 43, 29, 2, 'R', '93217'),
(1415, 43, 29, 2, 'RW', '3331'),
(1416, 43, 29, 2, 'W', '38174'),
(1417, 43, 29, 2, 'B', '93774'),
(1418, 43, 29, 2, 'AW', '984'),
(1419, 43, 29, 2, 'A', '85821'),
(2064, 39, 28, 2, 'hh', '5415'),
(2065, 39, 31, 2, 'yh', '7778'),
(2066, 39, 29, 2, 'd', '4745'),
(2067, 39, 29, 2, 'y', '558'),
(2269, 48, 32, 2, 'MS', '1974'),
(2270, 48, 32, 2, 'HA', '535'),
(2271, 48, 32, 2, 'DK', '4893'),
(2272, 48, 32, 2, 'AK', '7771'),
(2273, 48, 32, 2, 'DK', '8201'),
(2274, 48, 32, 2, 'WA', '2576'),
(2275, 48, 32, 2, 'YD', '4865'),
(2276, 48, 32, 2, 'WB', '8360'),
(2277, 48, 32, 2, 'RK', '1459'),
(2278, 48, 32, 2, 'YR', '6381'),
(2279, 48, 32, 2, 'HA', '4716'),
(2280, 48, 32, 2, 'MD', '6544'),
(2281, 48, 32, 2, 'DS', '5953'),
(2282, 47, 29, 2, 'M', '88140'),
(2283, 47, 29, 2, 'M', '37921'),
(2284, 47, 29, 2, 'W', '14448'),
(2285, 47, 29, 2, 'M', '80231'),
(2286, 47, 29, 2, 'M', '15037'),
(2287, 47, 29, 2, 'Y', '71440'),
(2288, 47, 29, 2, 'Y', '34589'),
(2289, 47, 29, 2, 'B', '94477'),
(2290, 47, 29, 2, 'W', '16639'),
(2291, 47, 29, 2, 'SS', '5953'),
(2292, 47, 29, 2, 'DR', '327'),
(2293, 47, 29, 2, 'M', '89924'),
(2294, 47, 29, 2, 'AM', '7366'),
(2295, 47, 29, 2, 'W', '16644'),
(2296, 47, 29, 2, 'W', '16643'),
(2297, 47, 29, 2, 'M', '34258'),
(2298, 47, 29, 2, 'B', '88737'),
(2299, 47, 29, 2, 'M', '23087'),
(2300, 47, 29, 2, 'M', '39160'),
(2301, 47, 29, 2, 'Y', '26012'),
(2302, 47, 29, 2, 'Y', '40150'),
(2303, 47, 29, 2, 'M', '53444'),
(2304, 47, 29, 2, 'M', '25104'),
(2305, 47, 29, 2, 'Y', '63011'),
(2306, 47, 29, 2, 'AB', '5113'),
(2307, 47, 29, 2, 'Y', '22278'),
(2308, 47, 29, 2, 'M', '15039'),
(2309, 47, 29, 2, 'Y', '69721'),
(2310, 47, 29, 2, 'AD', '1179'),
(2311, 47, 29, 2, 'Y', '18672'),
(2312, 47, 29, 2, 'M', '38147'),
(2313, 47, 29, 2, 'M', '66932'),
(2314, 47, 29, 2, 'M', '50882'),
(2315, 47, 29, 2, 'M', '72990'),
(2316, 47, 29, 2, 'W', '86980'),
(2317, 47, 29, 2, 'M', '40072'),
(2318, 47, 29, 2, 'Y', '56692'),
(2319, 47, 29, 2, 'M', '29925'),
(2320, 47, 29, 2, 'RM', '2363'),
(2321, 47, 29, 2, 'W', '88783'),
(2322, 47, 29, 2, 'Y', '81975'),
(2323, 47, 29, 2, 'M', '45924'),
(2324, 47, 29, 2, 'W', '16675'),
(2325, 47, 29, 2, 'M', '59339'),
(2326, 47, 29, 2, 'M', '20258'),
(2327, 47, 29, 2, 'M', '24719'),
(2328, 47, 29, 2, 'M', '98565'),
(2329, 47, 29, 2, 'M', '15103'),
(2330, 47, 29, 2, 'W', '31579'),
(2331, 47, 29, 2, 'Y', '98827'),
(2332, 47, 29, 2, 'R', '94111'),
(2333, 47, 29, 2, 'M', '70271'),
(2334, 47, 29, 2, 'W', '71518'),
(2335, 47, 29, 2, 'H', '93661'),
(2336, 47, 29, 2, 'W', '16681'),
(2337, 47, 29, 2, 'B', '18281'),
(2338, 47, 29, 2, 'BW', '979'),
(2339, 47, 29, 2, 'M', '14214'),
(2340, 47, 29, 2, 'W', '87325'),
(2341, 47, 29, 2, 'D', '95591'),
(2342, 47, 29, 2, 'W', '464517'),
(2343, 47, 29, 2, 'SS', '9517'),
(2344, 47, 29, 2, 'W', '95696'),
(2345, 47, 29, 2, 'YY', '9413'),
(2346, 47, 29, 2, 'M', '72381'),
(2347, 47, 29, 2, 'Y', '17111'),
(2469, 44, 28, 2, 'M', '60210'),
(2470, 44, 28, 2, 'M', '90006'),
(2471, 44, 28, 2, 'B', '23753'),
(2472, 44, 28, 2, 'B', '23924'),
(2473, 44, 28, 2, 'H', '12560'),
(2474, 44, 28, 2, 'D', '19408'),
(2475, 44, 28, 2, 'D', '18048'),
(2476, 44, 28, 2, 'A', '13529'),
(2477, 44, 28, 2, 'A', '33368'),
(2478, 44, 28, 2, 'W', '5365'),
(2479, 44, 28, 2, 'MY', '7587'),
(2480, 44, 28, 2, 'H', '15596'),
(2481, 44, 28, 2, 'W', '37882'),
(2482, 44, 28, 2, 'BY', '6522'),
(2483, 44, 28, 2, 'M', '52797'),
(2484, 44, 28, 2, 'H', '25487'),
(2485, 44, 28, 2, 'A', '94349'),
(2486, 44, 28, 2, 'AS', '295'),
(2487, 44, 28, 2, 'AR', '3503'),
(2488, 44, 28, 2, 'A', '24260'),
(2489, 44, 28, 2, 'A', '24820'),
(2490, 44, 28, 2, 'M', '70035'),
(2491, 44, 28, 2, 'R', '38200'),
(2492, 44, 28, 2, 'MM', '7587'),
(2493, 44, 28, 2, 'A', '872'),
(2494, 44, 28, 2, 'H', '23926'),
(2495, 44, 28, 2, 'H', '23697'),
(2496, 44, 28, 2, 'A', '38653'),
(2497, 44, 28, 2, 'R', '48071'),
(2498, 44, 28, 2, 'D', '43532'),
(2499, 44, 28, 2, 'Y', '11983'),
(2500, 44, 28, 2, 'HD', '8550'),
(2501, 44, 28, 2, 'M', '20925'),
(2502, 44, 28, 2, 'W', '25301'),
(2503, 44, 28, 2, 'A', '34274'),
(2504, 44, 28, 2, 'W', '71810'),
(2505, 44, 28, 2, 'S', '15390'),
(2506, 44, 28, 2, 'H', '25884'),
(2507, 44, 28, 2, 'DY', '3990'),
(2508, 44, 28, 2, 'W', '42565'),
(2509, 44, 28, 2, 'M', '18880'),
(2510, 44, 28, 2, 'H', '40495'),
(2511, 44, 28, 2, 'B', '60564'),
(2512, 44, 28, 2, 'H', '41463'),
(2513, 44, 28, 2, 'M', '82849'),
(2514, 44, 28, 2, 'D', '5768'),
(2515, 44, 28, 2, 'A', '47306'),
(2516, 44, 28, 2, 'B', '51362'),
(2517, 44, 28, 2, 'S', '35340'),
(2518, 44, 28, 2, 'DY', '6619'),
(2519, 44, 28, 2, 'H', '22644'),
(2520, 44, 28, 2, 'HR', '5888'),
(2521, 44, 28, 2, 'A', '3124'),
(2522, 44, 28, 2, 'B', '45016'),
(2523, 44, 28, 2, 'R', '57298'),
(2524, 44, 28, 2, 'H', '40032'),
(2525, 44, 28, 2, 'S', '1795'),
(2526, 44, 28, 2, 'S', '45831'),
(2527, 44, 28, 2, 'H', '86968'),
(2528, 44, 28, 2, 'M', '46018'),
(2529, 44, 28, 2, 'B', '61671'),
(2530, 44, 28, 2, 'W', '55109'),
(2531, 44, 28, 2, 'H', '46316'),
(2532, 44, 28, 2, 'B', '86097'),
(2533, 44, 28, 2, 'H', '94243'),
(2534, 44, 28, 2, 'HD', '253'),
(2535, 44, 28, 2, 'S', '79729'),
(2536, 44, 28, 2, 'W', '71033'),
(2537, 44, 28, 2, 'H', '47541'),
(2538, 44, 28, 2, 'H', '47570'),
(2539, 44, 28, 2, 'R', '74895'),
(2540, 44, 28, 2, 'S', '55180'),
(2541, 44, 28, 2, 'B', '72931'),
(2542, 44, 28, 2, 'S', '12963'),
(2543, 44, 28, 2, 'Y', '24071'),
(2544, 44, 28, 2, 'A', '88511'),
(2545, 44, 28, 2, 'W', '18184'),
(2546, 44, 28, 2, 'M', '49590'),
(2547, 44, 28, 2, 'W', '57103'),
(2548, 44, 28, 2, 'WW', '3466'),
(2549, 44, 28, 2, 'W', '95881'),
(2550, 44, 28, 2, 'H', '48672'),
(2551, 44, 28, 2, 'RY', '4221'),
(2552, 44, 28, 2, 'Y', '88637'),
(2553, 44, 28, 2, 'BD', '4469'),
(2554, 44, 28, 2, 'D', '65302'),
(2555, 44, 28, 2, 'R', '81424'),
(2556, 44, 28, 2, 'R', '84342'),
(2557, 44, 28, 2, 'W', '32374'),
(2558, 44, 28, 2, 'R', '84673'),
(2559, 44, 28, 2, 'B', '44737'),
(2560, 44, 28, 2, 'B', '82023'),
(2561, 44, 28, 2, 'H', '57148'),
(2562, 44, 28, 2, 'BS', '574'),
(2563, 44, 28, 2, 'DY', '806'),
(2564, 44, 28, 2, 'S', '62213'),
(2565, 44, 28, 2, 'H', '58768'),
(2566, 44, 28, 2, 'H', '59037'),
(2567, 44, 28, 2, 'M', '79197'),
(2568, 44, 28, 2, 'M', '62641'),
(2569, 44, 28, 2, 'Y', '91990'),
(2570, 44, 28, 2, 'H', '3394'),
(2571, 44, 28, 2, 'D', '81342'),
(2572, 44, 28, 2, 'M', '10495'),
(2573, 44, 28, 2, 'B', '87790'),
(2574, 44, 28, 2, 'YH', '7971'),
(2575, 44, 28, 2, 'B', '93146'),
(2576, 44, 28, 2, 'S', '68835'),
(2577, 44, 28, 2, 'H', '62376'),
(2578, 44, 28, 2, 'Y', '14636'),
(2579, 44, 28, 2, 'RM', '4250'),
(2580, 44, 28, 2, 'M', '59068'),
(2581, 44, 28, 2, 'A', '89094'),
(2582, 44, 28, 2, 'AW', '8665'),
(2583, 44, 28, 2, 'MM', '837'),
(2584, 44, 28, 2, 'H', '63896'),
(2585, 44, 28, 2, 'A', '96'),
(2586, 44, 28, 2, 'W', '59454'),
(2587, 44, 28, 2, 'M', '83734'),
(2588, 44, 28, 2, 'D', '88151'),
(2590, 41, 30, 2, 'DW', '3121'),
(2591, 46, 28, 2, 'M', '92617'),
(2592, 46, 28, 2, 'RR', '8683'),
(2593, 46, 28, 2, 'Y', '88295'),
(2594, 46, 28, 2, 'YA', '9197'),
(2595, 46, 28, 2, 'W', '34916'),
(2596, 46, 28, 2, 'Y', '56953'),
(2597, 46, 28, 2, 'A', '23000'),
(2598, 46, 28, 2, 'M', '50831'),
(2599, 46, 28, 2, 'Y', '96784'),
(2600, 46, 28, 2, 'M', '51745'),
(2601, 46, 28, 2, 'Y', '16805'),
(2602, 46, 28, 2, 'M', '25436'),
(2603, 46, 28, 2, 'M', '89149'),
(2604, 46, 28, 2, 'HD', '8336'),
(2605, 46, 28, 2, 'W', '51002'),
(2606, 46, 28, 2, 'HR', '6010'),
(2607, 46, 28, 2, 'M', '16802'),
(2608, 46, 28, 2, 'W', '86279'),
(2609, 46, 28, 2, 'Y', '95945'),
(2610, 46, 28, 2, 'Y', '46385'),
(2611, 46, 28, 2, 'M', '28151'),
(2612, 46, 28, 2, 'M', '27170'),
(2613, 46, 28, 2, 'M', '27724'),
(2614, 46, 28, 2, 'M', '14550'),
(2615, 46, 28, 2, 'Y', '1691'),
(2616, 46, 28, 2, 'Y', '41417'),
(2617, 46, 28, 2, 'Y', '16825'),
(2618, 46, 28, 2, 'Y', '78631'),
(2619, 46, 28, 2, 'W', '9665'),
(2620, 46, 28, 2, 'M', '32047'),
(2621, 46, 28, 2, 'W', '16345'),
(2622, 46, 28, 2, 'M', '77255'),
(2623, 46, 28, 2, 'M', '65467'),
(2624, 46, 28, 2, 'M', '47350'),
(2625, 46, 28, 2, 'D', '6704'),
(2626, 46, 28, 2, 'R', '99860'),
(2627, 46, 28, 2, 'BS', '9508'),
(2628, 46, 28, 2, 'Y', '51389'),
(2629, 46, 28, 2, 'Y', '16903'),
(2630, 46, 28, 2, 'DR', '8006'),
(2631, 46, 28, 2, 'HY', '5635'),
(2632, 46, 28, 2, 'W', '22614'),
(2633, 46, 28, 2, 'AD', '7895'),
(2634, 46, 28, 2, 'W', '16414'),
(2635, 46, 28, 2, 'W', '88930'),
(2636, 46, 28, 2, 'W', '47559'),
(2637, 46, 28, 2, 'W', '62577'),
(2638, 46, 28, 2, 'M', '85717'),
(2639, 46, 28, 2, 'W', '38798'),
(2640, 46, 28, 2, 'W', '33524'),
(2641, 46, 28, 2, 'M', '14649'),
(2642, 46, 28, 2, 'M', '57360'),
(2643, 46, 28, 2, 'M', '24277'),
(2644, 46, 28, 2, 'M', '71591'),
(2645, 46, 28, 2, 'Y', '60680'),
(2646, 46, 28, 2, 'W', '29973'),
(2647, 46, 28, 2, 'W', '71850'),
(2648, 46, 28, 2, 'M', '65122'),
(2649, 46, 28, 2, 'M', '41058'),
(2650, 46, 28, 2, 'W', '58107'),
(2651, 46, 28, 2, 'Y', '16946'),
(2652, 46, 28, 2, 'M', '88645'),
(2653, 46, 28, 2, 'W', '19063'),
(2654, 46, 28, 2, 'MW', '1770'),
(2655, 46, 28, 2, 'R', '11007'),
(2656, 46, 28, 2, 'W', '84106'),
(2657, 46, 28, 2, 'W', '16476'),
(2658, 46, 28, 2, 'HS', '4941'),
(2659, 46, 28, 2, 'M', '55440'),
(2660, 46, 28, 2, 'A', '64040'),
(2661, 46, 28, 2, 'M', '73524'),
(2662, 46, 28, 2, 'Y', '24776'),
(2663, 46, 28, 2, 'M', '69457'),
(2664, 46, 28, 2, 'M', '34257'),
(2665, 46, 28, 2, 'M', '14751'),
(2666, 46, 28, 2, 'Y', '33326'),
(2667, 46, 28, 2, 'BW', '6757'),
(2668, 46, 28, 2, 'M', '52016'),
(2669, 46, 28, 2, 'MW', '416'),
(2670, 46, 28, 2, 'Y', '61757'),
(2671, 46, 28, 2, 'M', '14828'),
(2672, 46, 28, 2, 'M', '53756'),
(2673, 46, 28, 2, 'Y', '60150'),
(2674, 46, 28, 2, 'W', '45591'),
(2675, 46, 28, 2, 'S', '835'),
(2676, 46, 28, 2, 'Y', '40458'),
(2677, 46, 28, 2, 'W', '81732'),
(2678, 46, 28, 2, 'BD', '8908'),
(2679, 46, 28, 2, 'M', '28084'),
(2680, 46, 28, 2, 'Y', '32669'),
(2681, 46, 28, 2, 'BR', '4817'),
(2682, 46, 28, 2, 'M', '46357'),
(2683, 46, 28, 2, 'Y', '17041'),
(2684, 46, 28, 2, 'B', '51156'),
(2685, 46, 28, 2, 'W', '33425'),
(2686, 46, 28, 2, 'M', '369175'),
(2687, 46, 28, 2, 'M', '14888'),
(2688, 46, 28, 2, 'M', '90550'),
(2689, 46, 28, 2, 'AA', '1343'),
(2690, 46, 28, 2, 'M', '83383'),
(2691, 46, 28, 2, 'S', '13318'),
(2692, 46, 28, 2, 'H', '33666'),
(2693, 46, 28, 2, 'M', '42997'),
(2694, 46, 28, 2, 'W', '77746'),
(2695, 46, 28, 2, 'BR', '2122'),
(2696, 46, 28, 2, 'A', '1600'),
(2697, 46, 28, 2, 'M', '26051'),
(2698, 46, 28, 2, 'W', '47882'),
(2699, 46, 28, 2, 'M', '83489'),
(2700, 46, 28, 2, 'M', '89866'),
(2701, 46, 28, 2, 'DW', '2946'),
(2702, 46, 28, 2, 'Y', '89489'),
(2703, 46, 28, 2, 'M', '78352'),
(2704, 46, 28, 2, 'W', '88024'),
(2705, 46, 28, 2, 'M', '15038'),
(2706, 46, 28, 2, 'Y', '96124'),
(2707, 46, 28, 2, 'W', '97782'),
(2708, 46, 28, 2, 'Y', '17092'),
(2709, 46, 28, 2, 'M', '57020'),
(2710, 46, 28, 2, 'H', '88858'),
(2711, 46, 28, 2, 'M', '15065'),
(2880, 49, 31, 2, 'MA', '7066'),
(2881, 49, 31, 2, 'T', '8324'),
(2882, 49, 31, 2, 'TB', '384'),
(2883, 49, 31, 2, 'T', '8457'),
(2884, 49, 31, 2, 'WA', '8317'),
(2885, 49, 31, 2, 'T', '8071'),
(2886, 49, 31, 2, 'DK', '8205'),
(3055, 45, 30, 2, 'M', '30935'),
(3056, 45, 30, 2, 'AR', '7057'),
(3057, 45, 30, 2, 'AR', '2422'),
(3058, 45, 30, 2, 'M', '32623'),
(3059, 45, 30, 2, 'W', '87972'),
(3060, 45, 30, 2, 'YY', '8101'),
(3061, 45, 30, 2, 'M', '14920'),
(3062, 45, 30, 2, 'HH', '2202'),
(3063, 45, 30, 2, 'Y', '4044'),
(3064, 45, 30, 2, 'W', '54814'),
(3065, 45, 30, 2, 'Y', '71632'),
(3066, 45, 30, 2, 'M', '11461'),
(3067, 45, 30, 2, 'M', '20637'),
(3068, 45, 30, 2, 'M', '63570'),
(3069, 45, 30, 2, 'M', '14922'),
(3070, 45, 30, 2, 'M', '26556'),
(3071, 45, 30, 2, 'YB', '93191'),
(3072, 45, 30, 2, 'W', '20464'),
(3073, 45, 30, 2, 'Y', '68041'),
(3074, 45, 30, 2, 'DD', '1040'),
(3075, 45, 30, 2, 'Y', '39319'),
(3076, 45, 30, 2, 'W', '75063'),
(3077, 45, 30, 2, 'AM', '5979'),
(3078, 45, 30, 2, 'W', '91175'),
(3079, 45, 30, 2, 'YA', '1008'),
(3080, 45, 30, 2, 'H', '22228'),
(3081, 45, 30, 2, 'W', '52513'),
(3082, 45, 30, 2, 'W', '99924'),
(3083, 45, 30, 2, 'B', '55449'),
(3084, 45, 30, 2, 'M', '42589'),
(3085, 45, 30, 2, 'Y', '59024'),
(3086, 45, 30, 2, 'AS', '820'),
(3087, 45, 30, 2, 'BY', '7975'),
(3088, 45, 30, 2, 'W', '70926'),
(3089, 45, 30, 2, 'M', '19414'),
(3090, 45, 30, 2, 'W', '79933'),
(3091, 45, 30, 2, 'W', '51297'),
(3092, 45, 30, 2, 'M', '16514'),
(3093, 45, 30, 2, 'M', '21791'),
(3094, 45, 30, 2, 'Y', '43081'),
(3095, 45, 30, 2, 'RW', '3697'),
(3096, 45, 30, 2, 'R', '128'),
(3097, 45, 30, 2, 'BB', '2627'),
(3098, 45, 30, 2, 'M', '14987'),
(3099, 45, 30, 2, 'M', '27202'),
(3100, 45, 30, 2, 'RS', '2223'),
(3101, 45, 30, 2, 'R', '910'),
(3102, 45, 30, 2, 'W', '55555'),
(3103, 45, 30, 2, 'M', '73077'),
(3104, 45, 30, 2, 'W', '92529'),
(3105, 45, 30, 2, 'W', '52945'),
(3106, 45, 30, 2, 'M', '73989'),
(3107, 45, 30, 2, 'Y', '46942'),
(3108, 45, 30, 2, 'M', '99951'),
(3109, 45, 30, 2, 'Y', '17060'),
(3110, 45, 30, 2, 'Y', '63803'),
(3111, 45, 30, 2, 'W', '52980'),
(3112, 45, 30, 2, 'M', '23278'),
(3113, 45, 30, 2, 'M', '15000'),
(3114, 45, 30, 2, 'M', '26052'),
(3115, 45, 30, 2, 'Y', '96153'),
(3116, 45, 30, 2, 'Y', '42709'),
(3117, 45, 30, 2, 'AW', '5905'),
(3118, 45, 30, 2, 'HH', '159'),
(3119, 45, 30, 2, 'Y', '54174'),
(3120, 45, 30, 2, 'Y', '95359'),
(3121, 45, 30, 2, 'AY', '652'),
(3122, 45, 30, 2, 'Y', '50665'),
(3123, 45, 30, 2, 'W', '88241'),
(3124, 45, 30, 2, 'MY', '159'),
(3125, 45, 30, 2, 'M', '59506'),
(3126, 45, 30, 2, 'Y', '17085'),
(3127, 45, 30, 2, 'W', '57343'),
(3128, 45, 30, 2, 'Y', '53470'),
(3129, 45, 30, 2, 'W', '18717'),
(3130, 45, 30, 2, 'H', '26086'),
(3131, 45, 30, 2, 'W', '49966'),
(3132, 45, 30, 2, 'DD', '7555'),
(3133, 45, 30, 2, 'HH', '9432'),
(3134, 45, 30, 2, 'B', '86648'),
(3135, 45, 30, 2, 'W', '73734'),
(3136, 45, 30, 2, 'M', '49519'),
(3137, 45, 30, 2, 'Y', '84061'),
(3138, 45, 29, 2, 'W', '25550'),
(3139, 45, 30, 2, 'Y', '21297'),
(3140, 45, 30, 2, 'BS', '7559'),
(3141, 45, 30, 2, 'Y', '79735'),
(3142, 45, 30, 2, 'W', '67900'),
(3143, 45, 30, 2, 'W', '18418'),
(3144, 45, 30, 2, 'B', '19311'),
(3145, 45, 30, 2, 'RM', '4194'),
(3146, 45, 30, 2, 'BD', '417'),
(3147, 45, 30, 2, 'M', '18948'),
(3148, 45, 30, 2, 'W', '53748'),
(3149, 45, 30, 2, 'DY', '8977'),
(3150, 45, 30, 2, 'S', '594'),
(3151, 45, 30, 2, 'M', '97557'),
(3152, 45, 30, 2, 'YY', '383'),
(3153, 45, 30, 2, 'R', '7347'),
(3154, 45, 30, 2, 'W', '55182'),
(3155, 45, 30, 2, 'Y', '68382'),
(3156, 45, 30, 2, 'M', '80616'),
(3157, 45, 30, 2, 'W', '55767'),
(3158, 45, 30, 2, 'M', '57356'),
(3159, 45, 30, 2, 'Y', '96561'),
(3160, 45, 30, 2, 'AS', '1784'),
(3161, 45, 30, 2, 'W', '71000'),
(3162, 45, 30, 2, 'Y', '89751'),
(3163, 45, 30, 2, 'B', '14848'),
(3164, 45, 30, 2, 'DR', '2805'),
(3165, 45, 30, 2, 'W', '48573'),
(3166, 45, 30, 2, 'YY', '4324'),
(3167, 45, 30, 2, 'DR', '338'),
(3168, 45, 30, 2, 'M', '63042'),
(3169, 45, 30, 2, 'M', '15068'),
(3170, 45, 30, 2, 'A', '70616'),
(3171, 45, 30, 2, 'AA', '3886'),
(3172, 45, 30, 2, 'Y', '91043'),
(3173, 45, 30, 2, 'M', '20072'),
(3174, 45, 30, 2, 'M', '26147'),
(3175, 45, 30, 2, 'H', '4609'),
(3176, 45, 30, 2, 'Y', '66635'),
(3177, 45, 30, 2, 'AY', '1959'),
(3178, 45, 30, 2, 'RW', '2013'),
(3179, 45, 30, 2, 'W', '40644'),
(3180, 45, 30, 2, 'AY', '7867'),
(3181, 45, 30, 2, 'DY', '859'),
(3182, 45, 30, 2, 'W', '16656'),
(3183, 45, 30, 2, 'W', '43421'),
(3184, 45, 30, 2, 'Y', '31811'),
(3185, 45, 30, 2, 'D', '20990'),
(3186, 45, 30, 2, 'A', '85500'),
(3187, 45, 30, 2, 'A', '1761'),
(3188, 45, 30, 2, 'BS', '1814'),
(3189, 45, 30, 2, 'W', '26659'),
(3190, 45, 30, 2, 'Y', '13441'),
(3191, 45, 30, 2, 'W', '4505'),
(3192, 45, 30, 2, 'M', '41380'),
(3193, 45, 30, 2, 'A', '88030'),
(3194, 45, 30, 2, 'Y', '5611'),
(3195, 45, 30, 2, 'AA', '2149'),
(3196, 45, 30, 2, 'M', '37891'),
(3197, 45, 30, 2, 'W', '65399'),
(3198, 45, 30, 2, 'W', '73633'),
(3199, 45, 30, 2, 'M', '99766'),
(3200, 45, 30, 2, 'RM', '2302'),
(3201, 45, 30, 2, 'W', '98878'),
(3202, 45, 30, 2, 'W', '54340'),
(3203, 45, 30, 2, 'S', '6478'),
(3204, 45, 30, 2, 'B', '12354'),
(3205, 45, 30, 2, 'A', '141'),
(3206, 45, 30, 2, 'W', '17451'),
(3207, 45, 30, 2, 'A', '564'),
(3208, 45, 30, 2, 'BD', '4444'),
(3209, 45, 30, 2, 'Y', '69571'),
(3210, 45, 30, 2, 'W', '78524'),
(3211, 45, 30, 2, 'R', '31009'),
(3212, 45, 30, 2, 'Y', '11877'),
(3213, 45, 30, 2, 'YA', '9300'),
(3214, 45, 30, 2, 'WW', '1164'),
(3215, 45, 30, 2, 'M', '98385'),
(3216, 45, 30, 2, 'Y', '30711'),
(3217, 45, 30, 2, 'M', '48212'),
(3218, 45, 30, 2, 'M', '68341'),
(3219, 45, 30, 2, 'W', '21648'),
(3220, 45, 30, 2, 'M', '15131'),
(3221, 45, 30, 2, 'Y', '29554'),
(3222, 45, 30, 2, 'M', '99988'),
(3545, 50, 29, 2, 'Y', '90653'),
(3546, 50, 29, 2, 'B', '8583'),
(3547, 50, 29, 2, 'M', '65406'),
(3548, 50, 29, 2, 'M', '58363'),
(3549, 50, 29, 2, 'W', '16713'),
(3550, 50, 29, 2, 'YY', '9949'),
(3551, 50, 29, 2, 'W', '16893'),
(3552, 50, 29, 2, 'M', '15164'),
(3553, 50, 29, 2, 'A', '55541'),
(3554, 50, 29, 2, 'R', '93392'),
(3555, 50, 29, 2, 'Y', '69386'),
(3556, 50, 29, 2, 'M', '42049'),
(3557, 50, 29, 2, 'W', '16714'),
(3558, 50, 29, 2, 'M', '52252'),
(3559, 50, 29, 2, 'M', '73031'),
(3560, 50, 29, 2, 'W', '54949'),
(3561, 50, 29, 2, 'Y', '17136'),
(3562, 50, 29, 2, 'W', '16715'),
(3563, 50, 29, 2, 'Y', '30783'),
(3564, 50, 29, 2, 'M', '30956'),
(3565, 50, 29, 2, 'BS', '3739'),
(3566, 50, 29, 2, 'M', '46787'),
(3567, 50, 29, 2, 'Y', '29360'),
(3568, 50, 29, 2, 'M', '66404'),
(3569, 50, 29, 2, 'M', '63223'),
(3570, 50, 29, 2, 'AB', '7277'),
(3571, 50, 29, 2, 'HR', '1120'),
(3572, 50, 29, 2, 'AY', '9689'),
(3573, 50, 29, 2, 'M', '32097'),
(3574, 50, 29, 2, 'Y', '17138'),
(3575, 50, 29, 2, 'M', '18711'),
(3576, 50, 29, 2, 'Y', '17137'),
(3577, 50, 29, 2, 'M', '67144'),
(3578, 50, 29, 2, 'A', '7696'),
(3579, 50, 29, 2, 'M', '84711'),
(3580, 50, 29, 2, 'S', '7173'),
(3581, 50, 29, 2, 'Y', '29239'),
(3582, 50, 29, 2, 'W', '19829'),
(3583, 50, 29, 2, 'W', '16920'),
(3584, 50, 29, 2, 'Y', '53617'),
(3585, 50, 29, 2, 'W', '26498'),
(3586, 50, 29, 2, 'S', '64242'),
(3587, 50, 29, 2, 'Y', '53896'),
(3588, 50, 29, 2, 'W', '27811'),
(3589, 50, 29, 2, 'Y', '92085'),
(3590, 50, 29, 2, 'M', '97333'),
(3591, 50, 29, 2, 'Y', '64042'),
(3592, 50, 29, 2, 'M', '178'),
(3593, 50, 29, 2, 'M', '39935'),
(3594, 50, 29, 2, 'W', '83975'),
(3595, 50, 29, 2, 'W', '63463'),
(3596, 50, 29, 2, 'M', '32949'),
(3597, 50, 29, 2, 'Y', '78091'),
(3598, 50, 29, 2, 'M', '32182'),
(3599, 50, 29, 2, 'Y', '98485'),
(3600, 50, 29, 2, 'M', '64688'),
(3601, 50, 29, 2, 'Y', '94094'),
(3602, 50, 29, 2, 'B', '86556'),
(3603, 50, 29, 2, 'AW', '8448'),
(3604, 50, 29, 2, 'M', '15272'),
(3605, 50, 29, 2, 'M', '87778'),
(3606, 50, 29, 2, 'Y', '20888'),
(3607, 50, 29, 2, 'W', '97313'),
(3608, 50, 29, 2, 'M', '56857'),
(3609, 50, 29, 2, 'BD', '7035'),
(3610, 50, 29, 2, 'W', '48324'),
(3611, 50, 29, 2, 'HM', '7315'),
(3612, 50, 29, 2, 'M', '93589'),
(3613, 50, 29, 2, 'R', '34464'),
(3614, 50, 29, 2, 'H', '55541'),
(3615, 50, 29, 2, 'M', '47716'),
(3633, 52, 28, 2, 'AM', '3239'),
(3634, 52, 28, 2, 'R', '3467'),
(3635, 52, 28, 2, 'W', '79439'),
(3636, 52, 28, 2, 'M', '19096'),
(3637, 52, 28, 2, 'Y', '98204'),
(3638, 52, 28, 2, 'W', '1001'),
(3639, 52, 28, 2, 'W', '57010'),
(3640, 52, 28, 2, 'M', '55297'),
(3641, 52, 28, 2, 'M', '53988'),
(3642, 52, 28, 2, 'W', '90378'),
(3643, 52, 28, 2, 'M', '57524'),
(3644, 52, 28, 2, 'W', '99798'),
(3645, 52, 28, 2, 'W', '87818'),
(3646, 52, 28, 2, 'Y', '20376'),
(3647, 52, 28, 2, 'W', '63781'),
(3648, 52, 28, 2, 'M', '57630'),
(3649, 52, 28, 2, 'W', '40422'),
(3650, 42, 30, 2, 'A', '123'),
(3651, 51, 30, 2, 'Y', '50545'),
(3652, 51, 30, 2, 'W', '19679'),
(3653, 51, 30, 2, 'M', '62850'),
(3654, 51, 30, 2, 'R', '77743'),
(3655, 51, 30, 2, 'W', '91402'),
(3656, 51, 30, 2, 'M', '24664'),
(3657, 51, 30, 2, 'W', '48845'),
(3658, 51, 30, 2, 'M', '15161'),
(3659, 51, 30, 2, 'BR', '8233'),
(3660, 51, 30, 2, 'W', '94991'),
(3661, 51, 30, 2, 'A', '31337'),
(3662, 51, 30, 2, 'W', '95720'),
(3663, 51, 30, 2, 'MY', '1237'),
(3664, 51, 30, 2, 'W', '33720'),
(3665, 51, 30, 2, 'W', '31929'),
(3666, 51, 30, 2, 'Y', '96714'),
(3667, 51, 30, 2, 'SS', '1466'),
(3668, 51, 30, 2, 'R', '3484'),
(3669, 51, 30, 2, 'W', '31135'),
(3670, 51, 30, 2, 'AR', '1127'),
(3671, 51, 30, 2, 'W', '71097'),
(3672, 51, 30, 2, 'W', '61174'),
(3673, 51, 30, 2, 'HD', '3171'),
(3674, 51, 30, 2, 'W', '48281'),
(3675, 51, 30, 2, 'AS', '1399'),
(3676, 51, 30, 2, 'Y', '59915'),
(3677, 51, 30, 2, 'M', '45761'),
(3678, 51, 30, 2, 'BY', '8618'),
(3679, 51, 30, 2, 'W', '32323'),
(3680, 51, 30, 2, 'WW', '6075'),
(3681, 51, 30, 2, 'M', '49529'),
(3682, 51, 30, 2, 'W', '77617'),
(3683, 51, 30, 2, 'W', '77744'),
(3684, 51, 30, 2, 'W', '21226'),
(3685, 51, 30, 2, 'M', '82582'),
(3686, 51, 30, 2, 'M', '34243'),
(3687, 51, 30, 2, 'Y', '42367'),
(3688, 51, 30, 2, 'Y', '42545'),
(3689, 51, 30, 2, 'AB', '7732'),
(3690, 51, 30, 2, 'M', '51522'),
(3691, 51, 30, 2, 'S', '97719'),
(3692, 51, 30, 2, 'M', '40133'),
(3693, 51, 30, 2, 'Y', '17140'),
(3694, 51, 30, 2, 'YA', '439'),
(3695, 51, 30, 2, 'W', '41188'),
(3696, 51, 30, 2, 'A', '47399'),
(3697, 51, 30, 2, 'R', '12008'),
(3698, 51, 30, 2, 'MM', '558'),
(3699, 51, 30, 2, 'M', '43529'),
(3700, 51, 30, 2, 'RW', '9021'),
(3701, 51, 30, 2, 'S', '6940'),
(3702, 51, 30, 2, 'AW', '1462'),
(3703, 51, 30, 2, 'D', '690'),
(3704, 51, 30, 2, 'W', '93422'),
(3705, 51, 30, 2, 'S', '94922'),
(3706, 51, 30, 2, 'R', '88860'),
(3707, 51, 30, 2, 'M', '15273'),
(3708, 51, 30, 2, 'DR', '429'),
(3709, 51, 30, 2, 'BR', '7174'),
(3710, 51, 30, 2, 'Y', '56554'),
(3711, 51, 30, 2, 'YA', '891'),
(3712, 51, 30, 2, 'W', '1601'),
(3713, 51, 30, 2, 'S', '52947'),
(3714, 51, 30, 2, 'W', '45577'),
(3715, 51, 30, 2, 'W', '225392'),
(3716, 51, 30, 2, 'YY', '241'),
(3717, 51, 30, 2, 'A', '47105'),
(3718, 51, 30, 2, 'H', '55'),
(3719, 51, 30, 2, 'W', '87222'),
(3720, 51, 30, 2, 'DD', '5295'),
(3721, 51, 30, 2, 'M', '42100'),
(3782, 55, 28, 2, 'W', '33206'),
(3783, 55, 28, 2, 'H', '42819'),
(3784, 55, 28, 2, 'Y', '17207'),
(3785, 55, 28, 2, 'W', '35025'),
(3819, 53, 30, 2, 'W', '39410'),
(3820, 53, 30, 2, 'M', '23663'),
(3821, 53, 30, 2, 'Y', '17201'),
(3822, 53, 30, 2, 'Y', '57272'),
(3823, 53, 30, 2, 'A', '3773'),
(3824, 53, 30, 2, 'MM', '990'),
(3825, 53, 30, 2, 'Y', '21685'),
(3826, 53, 30, 2, 'DR', '472'),
(3827, 53, 30, 2, 'W', '27382'),
(3828, 53, 30, 1, 'AB', '5111'),
(3829, 53, 30, 2, 'S', '2'),
(3830, 53, 30, 2, 'RR', '5393'),
(3831, 53, 30, 2, 'W', '42602'),
(3832, 53, 30, 2, 'M', '1691'),
(3833, 53, 30, 2, 'M', '45818'),
(3834, 54, 29, 2, 'BY', '708'),
(3835, 54, 29, 2, 'W', '63800'),
(3836, 54, 29, 2, 'W', '22265'),
(3837, 54, 29, 2, 'M', '99627'),
(3838, 54, 29, 2, 'W', '16766'),
(3839, 54, 29, 2, 'M', '35997'),
(3840, 54, 29, 2, 'Y', '33100'),
(3841, 54, 29, 2, 'M', '61013'),
(3842, 54, 29, 2, 'Y', '35267'),
(3843, 54, 29, 2, 'Y', '70066'),
(3844, 54, 29, 2, 'M', '38241'),
(3845, 54, 29, 2, 'M', '15293'),
(3846, 54, 29, 2, 'S', '11897'),
(3847, 54, 29, 2, 'M', '22993'),
(3848, 54, 29, 2, 'M', '99742'),
(3849, 54, 29, 2, 'M', '20226'),
(3850, 54, 29, 2, 'Y', '31468'),
(3851, 54, 29, 2, 'W', '52515'),
(3852, 54, 29, 2, 'S', '4383'),
(3853, 54, 29, 2, 'Y', '37084'),
(3854, 54, 29, 2, 'Y', '35548'),
(3855, 54, 29, 2, 'Y', '86766'),
(3856, 54, 29, 2, 'W', '50324'),
(3857, 54, 29, 2, 'M', '80664'),
(3858, 54, 29, 2, 'DR', '6644'),
(3859, 54, 29, 2, 'M', '82574'),
(3860, 54, 29, 2, 'M', '78476'),
(3861, 54, 29, 2, 'M', '21168'),
(3862, 54, 29, 2, 'D', '10605'),
(3863, 54, 29, 2, 'Y', '36370'),
(3864, 54, 29, 2, 'M', '15304'),
(3865, 54, 29, 2, 'MY', '361'),
(3866, 54, 29, 2, 'M', '61804'),
(3867, 54, 29, 2, 'M', '15318'),
(3868, 54, 29, 2, 'R', '99647'),
(3869, 54, 29, 2, 'RM', '4419'),
(3870, 54, 29, 2, 'M', '35972'),
(3871, 54, 29, 2, 'Y', '96100'),
(3872, 54, 29, 2, 'M', '46077'),
(3873, 56, 30, 2, 'y', '99990'),
(3874, 56, 30, 2, 'M', '72780'),
(3875, 56, 30, 2, 'Y', '33163'),
(3876, 56, 30, 2, 'MY', '6161'),
(3877, 56, 30, 2, 'Y', '63023'),
(3878, 56, 30, 2, 'W', '50000'),
(3879, 56, 30, 2, 'M', '79549'),
(3880, 56, 30, 2, 'M', '84151'),
(3881, 56, 30, 2, 'W', '50024'),
(3882, 56, 30, 2, 'Y', '93929'),
(3883, 56, 30, 2, 'H', '91144'),
(3884, 56, 30, 2, 'Y', '8683'),
(3885, 56, 30, 2, 'M', '86742'),
(3886, 56, 30, 1, 'BD', '8677'),
(4503, 58, 30, 2, 'W', '53569'),
(4504, 58, 30, 2, 'Y', '99300'),
(4505, 58, 30, 2, 'B', '70477'),
(4506, 58, 30, 2, 'M', '21611'),
(4507, 58, 30, 2, 'W', '19299'),
(4508, 58, 30, 2, 'Y', '52737'),
(4509, 58, 30, 2, 'W', '90379'),
(4510, 58, 30, 2, 'DD', '6839'),
(4511, 58, 30, 2, 'H', '7089'),
(4512, 58, 30, 2, 'W', '49770'),
(4513, 58, 30, 2, 'W', '20241'),
(4514, 58, 30, 2, 'H', '39927'),
(4515, 58, 30, 2, 'Y', '82228'),
(4516, 58, 30, 2, 'Y', '51176'),
(4517, 58, 30, 2, 'W', '22455'),
(4518, 58, 30, 2, 'Y', '53186'),
(4519, 58, 30, 2, 'M', '80055'),
(4520, 58, 30, 2, 'M', '99458'),
(4521, 58, 30, 2, 'W', '30958/'),
(4522, 58, 30, 2, 'RS', '6180'),
(4523, 58, 30, 2, 'M', '79188'),
(4524, 58, 30, 2, 'M', '60964'),
(4525, 58, 30, 2, 'AA', '4843'),
(4526, 58, 30, 2, 'Y', '99990'),
(4527, 58, 30, 2, 'BR', '8677'),
(4528, 58, 30, 2, 'M', '86742'),
(4529, 58, 30, 2, 'Y', '8683'),
(4530, 58, 30, 2, 'H', '91144'),
(4531, 58, 30, 2, 'Y', '93929'),
(4532, 58, 30, 2, 'W', '50024'),
(4533, 58, 30, 2, 'M', '84151'),
(4534, 58, 30, 2, 'M', '79549'),
(4535, 58, 30, 2, 'W', '50000'),
(4536, 58, 30, 2, 'Y', '63023'),
(4537, 58, 30, 2, 'MY', '6161'),
(4538, 58, 30, 2, 'Y', '33163'),
(4539, 58, 30, 2, 'M', '72780'),
(4540, 58, 30, 2, 'W', '68385'),
(4541, 58, 30, 2, 'M', '61739'),
(4542, 58, 30, 2, 'Y', '34935'),
(4543, 58, 30, 2, 'M', '15472'),
(4544, 58, 30, 2, 'RS', '4122'),
(4545, 58, 30, 2, 'W', '12223'),
(4546, 58, 30, 2, 'W', '99024'),
(4547, 58, 30, 2, 'W', '62548'),
(4548, 58, 30, 2, 'AY', '2772'),
(4549, 58, 30, 2, 'Y', '82251'),
(4550, 58, 30, 2, 'Y', '94883'),
(4551, 58, 30, 1, 'SS', '4540'),
(4552, 58, 30, 2, 'W', '59210'),
(4553, 58, 30, 2, 'Y', '36376'),
(4554, 58, 30, 2, 'W', '95019'),
(4555, 58, 30, 2, 'M', '99997'),
(4556, 58, 30, 2, 'Y', '18207'),
(4557, 58, 30, 2, 'M', '78819'),
(4558, 58, 30, 2, 'M', '47356'),
(4559, 58, 30, 2, 'Y', '8822'),
(4560, 58, 30, 2, 'W', '60016'),
(4561, 58, 30, 2, 'Y', '81631'),
(4562, 58, 30, 2, 'W', '56348'),
(4563, 58, 30, 2, 'H', '52626'),
(4564, 58, 30, 2, 'HH', '7522'),
(4565, 58, 30, 2, 'M', '71888'),
(4566, 58, 30, 2, 'W', '64504'),
(4567, 58, 30, 2, 'W', '54353'),
(4568, 58, 30, 2, 'RW', '323'),
(4569, 58, 30, 2, 'RS', '3600'),
(4570, 58, 30, 2, 'D', '3311'),
(4571, 58, 30, 2, 'M', '85548'),
(4572, 58, 30, 2, 'M', '52827'),
(4573, 58, 30, 2, 'M', '86738'),
(4574, 58, 30, 2, 'W', '25283'),
(4575, 58, 30, 2, 'M', '26072'),
(4576, 58, 30, 2, 'AS', '4442'),
(4577, 58, 30, 2, 'Y', '74683'),
(4578, 58, 30, 2, 'Y', '89009'),
(4579, 58, 30, 2, 'H', '8454'),
(4580, 58, 30, 2, 'M', '18851'),
(4581, 58, 30, 2, 'M', '77858'),
(4582, 58, 30, 2, 'M', '78057'),
(4583, 58, 30, 2, 'A', '68686'),
(4584, 58, 30, 2, 'AR', '4237'),
(4585, 58, 30, 2, 'M', '57028'),
(4586, 58, 30, 2, 'M', '15563'),
(4587, 58, 30, 2, 'M', '15564'),
(4588, 58, 30, 2, 'BH', '5878'),
(4589, 58, 30, 2, 'R', '63322'),
(4590, 58, 30, 2, 'S', '167'),
(4591, 58, 30, 2, 'B', '23335'),
(4592, 58, 30, 2, 'M', '2422'),
(4593, 58, 30, 2, 'H', '836'),
(4594, 58, 30, 2, 'M', '5595'),
(4595, 58, 30, 2, 'M', '98627'),
(4596, 58, 30, 2, 'W', '16956'),
(4597, 58, 30, 2, 'M', '15570'),
(4598, 58, 30, 2, 'M', '52495'),
(4599, 58, 30, 2, 'MY', '2492'),
(4600, 58, 30, 2, 'M', '67845'),
(4601, 58, 30, 2, 'M', '24620'),
(4602, 58, 30, 2, 'R', '88838'),
(4603, 58, 30, 2, 'Y', '40002'),
(4604, 58, 30, 2, 'Y', '4614'),
(4605, 58, 30, 2, 'R', '83633'),
(4606, 58, 30, 2, 'HY', '9898'),
(4607, 58, 30, 2, 'Y', '75363'),
(4608, 58, 30, 2, 'BB', '7270'),
(4609, 58, 30, 2, 'S', '85158'),
(4610, 58, 30, 2, 'A', '60900'),
(4611, 58, 30, 2, 'Y', '25366'),
(4612, 58, 30, 2, 'B', '1714'),
(4613, 58, 30, 2, 'M', '24398'),
(4614, 58, 30, 2, 'D', '73444'),
(4615, 58, 30, 2, 'M', '92821'),
(4616, 58, 30, 2, 'Y', '51946'),
(4617, 58, 30, 2, 'M', '86379'),
(4618, 58, 30, 2, 'B', '53035'),
(4619, 58, 30, 2, 'BS', '5005'),
(4620, 58, 30, 2, 'W', '93047'),
(4621, 58, 30, 2, 'W', '9485'),
(4622, 58, 30, 2, 'B', '53921'),
(4623, 58, 30, 2, 'M', '37650'),
(4624, 58, 30, 2, 'BY', '542'),
(4625, 58, 30, 2, 'M', '83479'),
(4626, 58, 30, 2, 'R', '1501'),
(4627, 58, 30, 2, 'W', '33622'),
(4628, 58, 30, 2, 'MW', '3384'),
(4629, 58, 30, 2, 'R', '42626'),
(4630, 58, 30, 2, 'RR', '974'),
(4631, 58, 30, 2, 'Y', '19683'),
(4632, 58, 30, 2, 'MM', '9262'),
(4633, 58, 30, 2, 'M', '22481'),
(4634, 58, 30, 2, 'W', '88139'),
(4635, 58, 30, 2, 'M', '72065'),
(4636, 58, 30, 2, 'AD', '6625'),
(4637, 58, 30, 2, 'Y', '10051'),
(4638, 58, 30, 2, 'Y', '64565'),
(4639, 58, 30, 2, 'Y', '62185'),
(4640, 58, 30, 2, 'Y', '49233'),
(4641, 58, 30, 2, 'DR', '46'),
(4642, 58, 30, 2, 'M', '15645'),
(4643, 58, 30, 2, 'M', '80651'),
(4644, 58, 30, 2, 'M', '15647'),
(4645, 58, 30, 2, 'M', '32229'),
(4646, 58, 30, 2, 'HH', '355'),
(4647, 58, 30, 2, 'M', '65315'),
(4648, 58, 30, 2, 'MY', '9239'),
(4649, 58, 30, 2, 'S', '208'),
(4650, 58, 30, 2, 'D', '98766'),
(4651, 58, 30, 2, 'H', '22122'),
(4652, 58, 30, 2, 'RS', '1417'),
(4653, 58, 30, 2, 'Y', '61515'),
(4654, 58, 30, 2, 'A', '8296'),
(4655, 58, 30, 2, 'M', '87146'),
(4656, 58, 30, 2, 'W', '81853'),
(4657, 58, 30, 2, 'AW', '2323'),
(4658, 58, 30, 2, 'M', '49188'),
(4659, 58, 30, 2, 'H', '21811'),
(4660, 57, 29, 2, 'M', '44088'),
(4661, 57, 29, 2, 'W', '35804'),
(4662, 57, 29, 2, 'W', '68753'),
(4663, 57, 29, 2, 'Y', '62910'),
(4664, 57, 29, 2, 'Y', '17336'),
(4665, 57, 29, 2, 'M', '30704'),
(4666, 57, 29, 2, 'M', '92867'),
(4667, 57, 29, 2, 'W', '19888'),
(4668, 57, 29, 2, 'W', '29560'),
(4669, 57, 29, 2, 'HR', '3169'),
(4670, 57, 29, 2, 'AA', '3015'),
(4671, 57, 29, 2, 'A', '92997'),
(4672, 57, 29, 2, 'HD', '178'),
(4673, 57, 29, 2, 'A', '5212'),
(4674, 57, 29, 2, 'M', '54493'),
(4675, 57, 29, 2, 'M', '95369'),
(4676, 57, 29, 2, 'M', '78495'),
(4677, 57, 29, 2, 'M', '66840'),
(4678, 57, 29, 2, 'W', '89826'),
(4679, 57, 29, 2, 'M', '80209'),
(4680, 57, 29, 2, 'M', '60987'),
(4681, 57, 29, 2, 'M', '87375'),
(4682, 57, 29, 2, 'Y', '17335'),
(4683, 57, 29, 2, 'W', '16932'),
(4684, 57, 29, 2, 'Y', '49968'),
(4685, 57, 29, 2, 'W', '78817'),
(4686, 57, 29, 2, 'HS', '722'),
(4687, 57, 29, 2, 'MY', '6698'),
(4688, 57, 29, 2, 'M', '74497'),
(4689, 57, 29, 1, 'M', '19415'),
(4690, 57, 29, 2, 'M', '15486'),
(4691, 57, 29, 2, 'HH', '7303'),
(4692, 57, 29, 2, 'Y', '82989'),
(4693, 57, 29, 2, 'W', '16899'),
(4694, 57, 29, 2, 'M', '22143'),
(4695, 57, 29, 2, 'AY', '1913'),
(4696, 57, 29, 2, 'Y', '94753'),
(4697, 57, 29, 2, 'HH', '1998'),
(4698, 57, 29, 2, 'M', '97557'),
(4699, 57, 29, 2, 'W', '56405'),
(4700, 57, 29, 2, 'M', '20209'),
(4701, 57, 29, 1, 'H', '12021'),
(4702, 57, 29, 2, 'Y', '97796'),
(4703, 57, 29, 2, 'W', '27753'),
(4704, 57, 29, 2, 'Y', '86441'),
(4705, 57, 29, 2, 'W', '53469'),
(4706, 57, 29, 2, 'M', '18783'),
(4707, 57, 29, 2, 'W', '66776'),
(4708, 57, 29, 2, 'B', '44543'),
(4709, 57, 29, 2, 'W', '16894'),
(4710, 57, 29, 2, 'M', '55935'),
(4711, 57, 29, 2, 'Y', '17304'),
(4712, 57, 29, 2, 'M', '55139'),
(4713, 57, 29, 2, 'Y', '34070'),
(4714, 57, 29, 2, 'M', '49520'),
(4715, 57, 29, 2, 'D', '2021'),
(4716, 57, 29, 2, 'Y', '31807'),
(4717, 57, 29, 2, 'R', '88011'),
(4718, 57, 29, 2, 'M', '15468'),
(4719, 57, 29, 2, 'W', '49622'),
(4720, 57, 29, 2, 'AB', '3640'),
(4721, 57, 29, 2, 'M', '86898'),
(4722, 57, 29, 2, 'M', '69174'),
(4723, 57, 29, 2, 'M', '57639'),
(4724, 57, 29, 2, 'RS', '9310'),
(4725, 57, 29, 2, 'Y', '28343'),
(4726, 57, 29, 2, 'R', '11245'),
(4727, 57, 29, 2, 'W', '81078'),
(4728, 57, 29, 2, 'M', '42724'),
(4729, 57, 29, 2, 'B', '1626'),
(4730, 57, 29, 2, 'M', '73412'),
(4731, 57, 29, 2, 'M', '30585'),
(4732, 57, 29, 2, 'M', '17968'),
(4733, 57, 29, 2, 'W', '61650'),
(4734, 57, 29, 2, 'M', '15509'),
(4735, 57, 29, 2, 'RY', '8038'),
(4736, 57, 29, 2, 'M', '56801'),
(4737, 57, 29, 2, 'B', '39092'),
(4738, 57, 29, 2, 'M', '35013'),
(4739, 57, 29, 2, 'M', '43075'),
(4740, 57, 29, 2, 'H', '15545'),
(4741, 57, 29, 2, 'M', '18501'),
(4742, 57, 29, 2, 'A', '63097'),
(4743, 57, 29, 2, 'BY', '1424'),
(4744, 57, 29, 2, 'HY', '533'),
(4745, 57, 29, 2, 'W', '44444'),
(4746, 57, 29, 2, 'BS', '4458'),
(4747, 57, 29, 2, 'HS', '615'),
(4748, 57, 29, 2, 'BW', '215'),
(4749, 57, 29, 2, 'M', '41960'),
(4750, 57, 29, 2, 'M', '15550'),
(4751, 57, 29, 2, 'A', '87227'),
(4752, 57, 29, 2, 'W', '89555'),
(4753, 57, 29, 2, 'Y', '38924'),
(4754, 57, 29, 2, 'W', '74314'),
(4755, 57, 29, 2, 'M', '50377'),
(4756, 57, 29, 2, 'Y', '17343'),
(4757, 57, 29, 2, 'W', '16945'),
(4758, 57, 29, 2, 'M', '84551'),
(4759, 57, 29, 2, 'M', '24906'),
(4760, 57, 29, 2, 'D', '2705'),
(4761, 57, 29, 2, 'AY', '6697'),
(4762, 57, 29, 2, 'M', '73852'),
(4763, 57, 29, 2, 'W', '16940'),
(4764, 57, 29, 2, 'M', '52938'),
(4765, 57, 29, 2, 'Y', '48547'),
(4766, 57, 29, 2, 'D', '5766'),
(4767, 57, 29, 2, 'Y', '44605'),
(4768, 57, 29, 2, 'RW', '7655'),
(4769, 57, 29, 2, 'M', '68633'),
(4770, 57, 29, 2, 'M', '51739'),
(4771, 57, 29, 2, 'M', '1770'),
(4772, 57, 29, 2, 'W', '54050'),
(4773, 57, 29, 2, 'M', '28624'),
(4774, 57, 29, 2, 'M', '88399'),
(4775, 57, 29, 2, 'Y', '63324'),
(4776, 57, 29, 2, 'RR', '8755'),
(4777, 57, 29, 2, 'W', '80631'),
(4778, 57, 29, 2, 'M', '59757'),
(4779, 57, 29, 2, 'M', '31836'),
(4780, 57, 29, 2, 'M', '42759'),
(4781, 57, 29, 2, 'Y', '5215'),
(4782, 57, 29, 2, 'M', '44501'),
(4783, 57, 29, 2, 'W', '27497'),
(4784, 57, 29, 2, 'W', '16921'),
(4785, 57, 29, 2, 'M', '15511'),
(4786, 57, 29, 2, 'DY', '3263'),
(4787, 57, 29, 2, 'Y', '17360'),
(4788, 57, 29, 2, 'M', '15557'),
(4789, 57, 29, 2, 'M', '15569'),
(4790, 57, 29, 2, 'M', '15556'),
(4791, 57, 29, 2, 'M', '46110'),
(4792, 57, 29, 2, 'Y', '55808'),
(4793, 57, 29, 2, 'M', '38312'),
(4794, 57, 29, 2, 'M', '27880'),
(4795, 57, 29, 2, 'M', '98653'),
(4796, 57, 29, 2, 'M', '53790'),
(4797, 57, 29, 2, 'M', '35634'),
(4798, 57, 29, 2, 'M', '57218'),
(4799, 57, 29, 2, 'A', '42394'),
(4800, 57, 29, 2, 'DY', '2366'),
(4801, 57, 29, 2, 'M', '44874'),
(4802, 57, 29, 2, 'W', '39308'),
(4803, 57, 29, 2, 'M', '35218'),
(4804, 57, 29, 2, 'R', '28892'),
(4805, 57, 29, 2, 'Y', '92033'),
(4806, 57, 29, 2, 'M', '15577'),
(4807, 57, 29, 2, 'M', '19195'),
(4808, 57, 29, 2, 'W', '16957'),
(4809, 57, 29, 2, 'RY', '5165'),
(4810, 57, 29, 2, 'Y', '32202'),
(4811, 57, 29, 2, 'Y', '38640'),
(4812, 57, 29, 2, 'W', '97423'),
(4813, 57, 29, 2, 'M', '59044'),
(4814, 57, 29, 2, 'M', '60349'),
(4815, 57, 29, 2, 'S', '44566'),
(4816, 57, 29, 2, 'W', '30941'),
(4817, 57, 29, 2, 'M', '72997'),
(4818, 57, 29, 2, 'AB', '7378'),
(4819, 57, 29, 2, 'M', '26305'),
(4820, 57, 29, 2, 'M', '98983'),
(4821, 57, 29, 2, 'W', '17028'),
(4822, 57, 29, 2, 'W', '81918'),
(4823, 57, 29, 2, 'W', '17027'),
(4824, 57, 29, 2, 'M', '6289'),
(4825, 57, 29, 2, 'M', '43224'),
(4826, 57, 29, 2, 'M', '96443'),
(4827, 57, 29, 2, 'M', '62562'),
(4828, 57, 29, 2, 'W', '42168'),
(4829, 57, 29, 2, 'M', '77153'),
(4830, 57, 29, 2, 'M', '58832'),
(4831, 57, 29, 2, 'M', '25022'),
(4832, 57, 29, 2, 'M', '84504'),
(4833, 57, 29, 2, 'BW', '580'),
(4834, 57, 29, 2, 'W', '8171'),
(4835, 57, 29, 2, 'M', '31666'),
(4836, 57, 29, 2, 'W', '64286'),
(4837, 57, 29, 2, 'D', '12518'),
(4838, 57, 29, 2, 'W', '11255'),
(4839, 57, 29, 2, 'BW', '5646'),
(4840, 57, 29, 2, 'W', '21315'),
(4841, 57, 29, 2, 'YA', '1517'),
(4842, 57, 29, 2, 'Y', '70965'),
(4843, 57, 29, 2, 'Y', '61937'),
(4844, 57, 29, 2, 'H', '27193'),
(4845, 57, 29, 2, 'M', '84867'),
(4846, 57, 29, 2, 'M', '26292'),
(4847, 57, 29, 2, 'Y', '38940'),
(4848, 59, 28, 2, 'Y', '17417'),
(4849, 59, 28, 2, 'HR', '960'),
(4850, 59, 28, 2, 'M', '67669'),
(4851, 59, 28, 2, 'M', '80306'),
(4852, 59, 28, 2, 'M', '60071'),
(4853, 59, 28, 2, 'M', '55126'),
(4854, 59, 28, 2, 'W', '98687'),
(4855, 59, 28, 2, 'Y', '92101'),
(4856, 59, 28, 2, 'W', '25032'),
(4857, 59, 28, 2, 'MM', '20'),
(4858, 59, 28, 2, 'W', '19345'),
(4859, 59, 28, 2, 'W', '79825'),
(4860, 59, 28, 2, 'W', '71062'),
(4861, 59, 28, 2, 'W', '80308'),
(4862, 59, 28, 2, 'W', '42753');

-- --------------------------------------------------------

--
-- Table structure for table `tec_customers`
--

CREATE TABLE IF NOT EXISTS `tec_customers` (
  `id` int(11) NOT NULL AUTO_INCREMENT,
  `name` varchar(55) NOT NULL,
  `cf1` varchar(255) NOT NULL,
  `cf2` varchar(255) NOT NULL,
  `phone` varchar(20) NOT NULL,
  `email` varchar(100) NOT NULL,
  PRIMARY KEY (`id`)
) ENGINE=InnoDB  DEFAULT CHARSET=utf8 AUTO_INCREMENT=5 ;

--
-- Dumping data for table `tec_customers`
--

INSERT INTO `tec_customers` (`id`, `name`, `cf1`, `cf2`, `phone`, `email`) VALUES
(1, 'Test Customer', '', '', '012345678', 'test@customer.com'),
(2, 'sajid', '', '', '122212121', 'sasasa@live.com'),
(3, 'x', 'x', 'x', 'x', 'sasasa@live.com'),
(4, 'ghgh', '', '', '', '');

-- --------------------------------------------------------

--
-- Table structure for table `tec_groups`
--

CREATE TABLE IF NOT EXISTS `tec_groups` (
  `id` mediumint(8) unsigned NOT NULL AUTO_INCREMENT,
  `name` varchar(20) NOT NULL,
  `description` varchar(100) NOT NULL,
  PRIMARY KEY (`id`)
) ENGINE=InnoDB  DEFAULT CHARSET=utf8 AUTO_INCREMENT=3 ;

--
-- Dumping data for table `tec_groups`
--

INSERT INTO `tec_groups` (`id`, `name`, `description`) VALUES
(1, 'admin', 'Administrator'),
(2, 'staff', 'Staff member');

-- --------------------------------------------------------

--
-- Table structure for table `tec_items`
--

CREATE TABLE IF NOT EXISTS `tec_items` (
  `id` int(11) NOT NULL AUTO_INCREMENT,
  `name` char(255) NOT NULL,
  `code` varchar(50) NOT NULL,
  `barcode_symbology` varchar(20) NOT NULL DEFAULT 'code39',
  `quantity` int(11) NOT NULL,
  `unit` varchar(255) DEFAULT NULL,
  `category_id` int(11) DEFAULT NULL,
  `alert_quantity` int(11) DEFAULT NULL,
  `image` varchar(255) NOT NULL DEFAULT 'no_image.png',
  `store_id` int(11) NOT NULL,
  PRIMARY KEY (`id`)
) ENGINE=InnoDB  DEFAULT CHARSET=utf8 AUTO_INCREMENT=34 ;

--
-- Dumping data for table `tec_items`
--

INSERT INTO `tec_items` (`id`, `name`, `code`, `barcode_symbology`, `quantity`, `unit`, `category_id`, `alert_quantity`, `image`, `store_id`) VALUES
(18, 'Yellow Small', '011', 'code39', 388, 'piece', 1, 100, 'no_image.png', 7),
(19, 'Yellow Med', '012', 'code39', 192, 'piece', 1, 100, 'no_image.png', 7),
(20, 'Yellow Big', '013', 'code39', 198, 'piece', 1, 100, 'no_image.png', 7),
(21, 'Red Med', '014', 'code39', 192, 'piece', 2, 100, 'no_image.png', 7),
(22, 'Red Big', '015', 'code39', 196, 'piece', 2, 100, 'no_image.png', 7),
(23, 'Yellow Small', '021', 'code39', 199, 'piece', 1, 100, 'no_image.png', 8),
(24, 'Yellow Med', '022', 'code39', 200, 'piece', 1, 100, 'no_image.png', 8),
(25, 'Yellow Big', '023', 'code39', 200, 'piece', 1, 100, 'no_image.png', 8),
(26, 'Red Med', '024', 'code39', 200, 'piece', 2, 100, 'no_image.png', 8),
(27, 'Red Big', '025', 'code39', 200, 'piece', 2, 100, 'no_image.png', 8),
(28, 'Yellow Small', 'seeb_1', 'code39', 465, 'piece', 1, 0, 'no_image.png', 11),
(29, 'Yellow Med', 'seeb_2', 'code39', 9212, 'piece', 1, 0, 'no_image.png', 11),
(30, 'Yellow Big', 'seeb_3', 'code39', 42, 'piece', 1, 0, 'no_image.png', 11),
(31, 'Red Med', 'seeb_4', 'code39', 92, 'piece', 2, 0, 'no_image.png', 11),
(32, 'Red Big', 'seeb_5', 'code39', 34, 'piece', 2, 0, 'no_image.png', 11),
(33, 'Gov - Medium', 'Seeb_6', 'code39', 10, 'piece', 3, 0, 'no_image.png', 11);

-- --------------------------------------------------------

--
-- Table structure for table `tec_login_attempts`
--

CREATE TABLE IF NOT EXISTS `tec_login_attempts` (
  `id` mediumint(8) unsigned NOT NULL AUTO_INCREMENT,
  `ip_address` varbinary(16) NOT NULL,
  `login` varchar(100) NOT NULL,
  `time` int(11) unsigned DEFAULT NULL,
  PRIMARY KEY (`id`)
) ENGINE=InnoDB DEFAULT CHARSET=utf8 AUTO_INCREMENT=1 ;

-- --------------------------------------------------------

--
-- Table structure for table `tec_sessions`
--

CREATE TABLE IF NOT EXISTS `tec_sessions` (
  `id` varchar(40) NOT NULL,
  `ip_address` varchar(45) NOT NULL,
  `timestamp` int(10) unsigned NOT NULL DEFAULT '0',
  `data` blob NOT NULL,
  PRIMARY KEY (`id`),
  KEY `ci_sessions_timestamp` (`timestamp`)
) ENGINE=InnoDB DEFAULT CHARSET=utf8;

--
-- Dumping data for table `tec_sessions`
--

INSERT INTO `tec_sessions` (`id`, `ip_address`, `timestamp`, `data`) VALUES
('03kpmj7r1k5nbkfh4r5e76rjcgpelsd0', '94.185.58.104', 1524212888, 0x5f5f63695f6c6173745f726567656e65726174657c693a313532343231323838383b7265717565737465645f706167657c733a303a22223b),
('0895c0t9v5fd2buoclsai80lmm62ufkl', '85.154.122.124', 1523426239, 0x5f5f63695f6c6173745f726567656e65726174657c693a313532333432353834313b6964656e746974797c733a31333a227365656240756e70632e636f6d223b757365726e616d657c733a343a2273656562223b656d61696c7c733a31333a227365656240756e70632e636f6d223b757365725f69647c733a313a2237223b6f6c645f6c6173745f6c6f67696e7c733a31303a2231353233333333323236223b6c6173745f69707c733a31323a2238322e3137382e362e313233223b6176617461727c4e3b67656e6465727c733a343a226d616c65223b67726f75705f69647c733a313a2232223b),
('0ohlk9pf9usa5sp4gcqkg08el25n2i46', '5.37.244.239', 1523509850, 0x5f5f63695f6c6173745f726567656e65726174657c693a313532333530393431323b7265717565737465645f706167657c733a303a22223b6964656e746974797c733a31333a227365656240756e70632e636f6d223b757365726e616d657c733a343a2273656562223b656d61696c7c733a31333a227365656240756e70632e636f6d223b757365725f69647c733a313a2237223b6f6c645f6c6173745f6c6f67696e7c733a31303a2231353233343230393336223b6c6173745f69707c733a31323a22352e33362e3135362e313235223b6176617461727c4e3b67656e6465727c733a343a226d616c65223b67726f75705f69647c733a313a2232223b),
('0omu2dn7gjnn66ho04ff5jjdt7n2uk1b', '66.249.93.223', 1524080433, 0x5f5f63695f6c6173745f726567656e65726174657c693a313532343038303433333b),
('0s1roik42t71jssa2k0qhcheghkqkc6e', '94.185.58.104', 1524133821, 0x5f5f63695f6c6173745f726567656e65726174657c693a313532343133333631303b7265717565737465645f706167657c733a303a22223b6964656e746974797c733a31393a2261646d696e4067756c6663796265722e636f6d223b757365726e616d657c733a343a2267756c66223b656d61696c7c733a31393a2261646d696e4067756c6663796265722e636f6d223b757365725f69647c733a313a2238223b6f6c645f6c6173745f6c6f67696e7c733a31303a2231353234303839303332223b6c6173745f69707c733a31333a2239342e3138352e35382e313034223b6176617461727c4e3b67656e6465727c4e3b67726f75705f69647c733a313a2231223b),
('1blv14pp7lq0ap9ksfj78soa2qf6h0gs', '5.36.122.214', 1523518503, 0x5f5f63695f6c6173745f726567656e65726174657c693a313532333531383432333b7265717565737465645f706167657c733a303a22223b6964656e746974797c733a31333a227365656240756e70632e636f6d223b757365726e616d657c733a343a2273656562223b656d61696c7c733a31333a227365656240756e70632e636f6d223b757365725f69647c733a313a2237223b6f6c645f6c6173745f6c6f67696e7c733a31303a2231353233343230393336223b6c6173745f69707c733a31323a22352e33362e3135362e313235223b6176617461727c4e3b67656e6465727c733a343a226d616c65223b67726f75705f69647c733a313a2232223b),
('1i30l6jms3dtkc274ivscpd3o2sp4tnr', '5.37.244.239', 1523510819, 0x5f5f63695f6c6173745f726567656e65726174657c693a313532333531303536333b7265717565737465645f706167657c733a303a22223b6964656e746974797c733a31333a227365656240756e70632e636f6d223b757365726e616d657c733a343a2273656562223b656d61696c7c733a31333a227365656240756e70632e636f6d223b757365725f69647c733a313a2237223b6f6c645f6c6173745f6c6f67696e7c733a31303a2231353233343230393336223b6c6173745f69707c733a31323a22352e33362e3135362e313235223b6176617461727c4e3b67656e6465727c733a343a226d616c65223b67726f75705f69647c733a313a2232223b),
('1o7enhgfmmn387a7r6beh02u0e295kri', '94.185.58.104', 1524038566, 0x5f5f63695f6c6173745f726567656e65726174657c693a313532343033383535363b7265717565737465645f706167657c733a303a22223b6964656e746974797c733a31393a2261646d696e4067756c6663796265722e636f6d223b757365726e616d657c733a343a2267756c66223b656d61696c7c733a31393a2261646d696e4067756c6663796265722e636f6d223b757365725f69647c733a313a2238223b6f6c645f6c6173745f6c6f67696e7c733a31303a2231353233393931353039223b6c6173745f69707c733a31333a2239342e3138352e35382e313034223b6176617461727c4e3b67656e6465727c4e3b67726f75705f69647c733a313a2231223b),
('1ojvm57ca16pp9k4lsn6mlrgtd397nun', '5.36.147.225', 1523944474, 0x5f5f63695f6c6173745f726567656e65726174657c693a313532333934343239333b7265717565737465645f706167657c733a303a22223b6964656e746974797c733a31333a227365656240756e70632e636f6d223b757365726e616d657c733a343a2273656562223b656d61696c7c733a31333a227365656240756e70632e636f6d223b757365725f69647c733a313a2237223b6f6c645f6c6173745f6c6f67696e7c733a31303a2231353233353039343233223b6c6173745f69707c733a31323a22352e33372e3234342e323339223b6176617461727c4e3b67656e6465727c733a343a226d616c65223b67726f75705f69647c733a313a2232223b),
('215jcu5vhup7smrennna8u99dbp7bgh5', '82.178.83.143', 1523348690, 0x5f5f63695f6c6173745f726567656e65726174657c693a313532333334383539363b6964656e746974797c733a31333a227365656240756e70632e636f6d223b757365726e616d657c733a343a2273656562223b656d61696c7c733a31333a227365656240756e70632e636f6d223b757365725f69647c733a313a2237223b6f6c645f6c6173745f6c6f67696e7c733a31303a2231353232323130333735223b6c6173745f69707c733a31333a2238322e3137382e3131332e3335223b6176617461727c4e3b67656e6465727c733a343a226d616c65223b67726f75705f69647c733a313a2232223b),
('22oudacbvni51v7qijv4pi6jpd77gepq', '94.185.58.104', 1523991509, 0x5f5f63695f6c6173745f726567656e65726174657c693a313532333939313530313b7265717565737465645f706167657c733a303a22223b6964656e746974797c733a31393a2261646d696e4067756c6663796265722e636f6d223b757365726e616d657c733a343a2267756c66223b656d61696c7c733a31393a2261646d696e4067756c6663796265722e636f6d223b757365725f69647c733a313a2238223b6f6c645f6c6173745f6c6f67696e7c733a31303a2231353233393738333337223b6c6173745f69707c733a31333a2239342e3138352e35382e313034223b6176617461727c4e3b67656e6465727c4e3b67726f75705f69647c733a313a2231223b6d6573736167657c733a33383a223c703e596f7520617265207375636365737366756c6c79206c6f6767656420696e2e3c2f703e223b5f5f63695f766172737c613a313a7b733a373a226d657373616765223b733a333a226f6c64223b7d),
('2cre9uib8kqkf7qq6dvkqumt30l2ifg2', '94.185.58.104', 1524031358, 0x5f5f63695f6c6173745f726567656e65726174657c693a313532343033313330353b7265717565737465645f706167657c733a303a22223b6964656e746974797c733a31393a2261646d696e4067756c6663796265722e636f6d223b757365726e616d657c733a343a2267756c66223b656d61696c7c733a31393a2261646d696e4067756c6663796265722e636f6d223b757365725f69647c733a313a2238223b6f6c645f6c6173745f6c6f67696e7c733a31303a2231353233393931353039223b6c6173745f69707c733a31333a2239342e3138352e35382e313034223b6176617461727c4e3b67656e6465727c4e3b67726f75705f69647c733a313a2231223b),
('3hbe2dfps062dtpneb3ovvo5o8m2tus9', '94.185.58.104', 1523470950, 0x5f5f63695f6c6173745f726567656e65726174657c693a313532333437303832363b7265717565737465645f706167657c733a303a22223b6964656e746974797c733a31393a2261646d696e4067756c6663796265722e636f6d223b757365726e616d657c733a343a2267756c66223b656d61696c7c733a31393a2261646d696e4067756c6663796265722e636f6d223b757365725f69647c733a313a2238223b6f6c645f6c6173745f6c6f67696e7c733a31303a2231353232383234333836223b6c6173745f69707c733a31333a2239342e3138352e35372e313830223b6176617461727c4e3b67656e6465727c4e3b67726f75705f69647c733a313a2231223b),
('3k8h734jlt3qo4kn1mrpe4koquavolg4', '5.36.122.214', 1523518883, 0x5f5f63695f6c6173745f726567656e65726174657c693a313532333531383837383b7265717565737465645f706167657c733a303a22223b6964656e746974797c733a31333a227365656240756e70632e636f6d223b757365726e616d657c733a343a2273656562223b656d61696c7c733a31333a227365656240756e70632e636f6d223b757365725f69647c733a313a2237223b6f6c645f6c6173745f6c6f67696e7c733a31303a2231353233343230393336223b6c6173745f69707c733a31323a22352e33362e3135362e313235223b6176617461727c4e3b67656e6465727c733a343a226d616c65223b67726f75705f69647c733a313a2232223b),
('3sasrd3032bl4pnqdid7k028jtdqorfu', '45.116.232.10', 1523958604, 0x5f5f63695f6c6173745f726567656e65726174657c693a313532333935383438393b6964656e746974797c733a31393a2261646d696e4067756c6663796265722e636f6d223b757365726e616d657c733a343a2267756c66223b656d61696c7c733a31393a2261646d696e4067756c6663796265722e636f6d223b757365725f69647c733a313a2238223b6f6c645f6c6173745f6c6f67696e7c733a31303a2231353233393334313434223b6c6173745f69707c733a31333a2239342e3138352e35382e313034223b6176617461727c4e3b67656e6465727c4e3b67726f75705f69647c733a313a2231223b),
('43plm1oj299tjukceeuailvqqj39988f', '94.185.58.104', 1523934145, 0x5f5f63695f6c6173745f726567656e65726174657c693a313532333933343133393b7265717565737465645f706167657c733a303a22223b6964656e746974797c733a31393a2261646d696e4067756c6663796265722e636f6d223b757365726e616d657c733a343a2267756c66223b656d61696c7c733a31393a2261646d696e4067756c6663796265722e636f6d223b757365725f69647c733a313a2238223b6f6c645f6c6173745f6c6f67696e7c733a31303a2231353233393039353036223b6c6173745f69707c733a31333a2239342e3138352e35382e313034223b6176617461727c4e3b67656e6465727c4e3b67726f75705f69647c733a313a2231223b6d6573736167657c733a33383a223c703e596f7520617265207375636365737366756c6c79206c6f6767656420696e2e3c2f703e223b5f5f63695f766172737c613a313a7b733a373a226d657373616765223b733a333a226f6c64223b7d),
('46orfooo54k3o69u9ahtvocf66vm539m', '94.185.58.104', 1524051519, 0x5f5f63695f6c6173745f726567656e65726174657c693a313532343035313531393b7265717565737465645f706167657c733a303a22223b),
('4bmqrkica28go3iclc74f5tbo76lnhvl', '82.178.83.143', 1523353877, 0x5f5f63695f6c6173745f726567656e65726174657c693a313532333335333335343b6964656e746974797c733a31333a227365656240756e70632e636f6d223b757365726e616d657c733a343a2273656562223b656d61696c7c733a31333a227365656240756e70632e636f6d223b757365725f69647c733a313a2237223b6f6c645f6c6173745f6c6f67696e7c733a31303a2231353232323130333735223b6c6173745f69707c733a31333a2238322e3137382e3131332e3335223b6176617461727c4e3b67656e6465727c733a343a226d616c65223b67726f75705f69647c733a313a2232223b),
('4uotv7qiqps41u496o1t172u0nam98r9', '5.37.244.239', 1523511331, 0x5f5f63695f6c6173745f726567656e65726174657c693a313532333531313331333b7265717565737465645f706167657c733a303a22223b6964656e746974797c733a31333a227365656240756e70632e636f6d223b757365726e616d657c733a343a2273656562223b656d61696c7c733a31333a227365656240756e70632e636f6d223b757365725f69647c733a313a2237223b6f6c645f6c6173745f6c6f67696e7c733a31303a2231353233343230393336223b6c6173745f69707c733a31323a22352e33362e3135362e313235223b6176617461727c4e3b67656e6465727c733a343a226d616c65223b67726f75705f69647c733a313a2232223b),
('5790qn78cdeo536irgj9tr4gkqsltlid', '5.36.217.229', 1523439408, ''),
('5e21ahh9prfprbo2oaqhss119r3cduo1', '94.185.58.104', 1523884545, 0x5f5f63695f6c6173745f726567656e65726174657c693a313532333838343532333b7265717565737465645f706167657c733a303a22223b6964656e746974797c733a31393a2261646d696e4067756c6663796265722e636f6d223b757365726e616d657c733a343a2267756c66223b656d61696c7c733a31393a2261646d696e4067756c6663796265722e636f6d223b757365725f69647c733a313a2238223b6f6c645f6c6173745f6c6f67696e7c733a31303a2231353233383731333239223b6c6173745f69707c733a31333a2239342e3138352e35382e313034223b6176617461727c4e3b67656e6465727c4e3b67726f75705f69647c733a313a2231223b),
('5gbjhetn212nnbrmuuojvugvcsf7mbqp', '5.36.147.225', 1523944754, 0x5f5f63695f6c6173745f726567656e65726174657c693a313532333934343630353b7265717565737465645f706167657c733a303a22223b6964656e746974797c733a31333a227365656240756e70632e636f6d223b757365726e616d657c733a343a2273656562223b656d61696c7c733a31333a227365656240756e70632e636f6d223b757365725f69647c733a313a2237223b6f6c645f6c6173745f6c6f67696e7c733a31303a2231353233353039343233223b6c6173745f69707c733a31323a22352e33372e3234342e323339223b6176617461727c4e3b67656e6465727c733a343a226d616c65223b67726f75705f69647c733a313a2232223b),
('5icc8pag4smjkhhaojskr5v4t2cfmgr4', '66.102.6.162', 1524061413, 0x5f5f63695f6c6173745f726567656e65726174657c693a313532343036313431333b),
('60lj3sip3mg9locv5p7qdf4u5pu092p2', '5.36.219.150', 1523339938, 0x5f5f63695f6c6173745f726567656e65726174657c693a313532333333393138383b6964656e746974797c733a31333a227365656240756e70632e636f6d223b757365726e616d657c733a343a2273656562223b656d61696c7c733a31333a227365656240756e70632e636f6d223b757365725f69647c733a313a2237223b6f6c645f6c6173745f6c6f67696e7c733a31303a2231353232323130333735223b6c6173745f69707c733a31333a2238322e3137382e3131332e3335223b6176617461727c4e3b67656e6465727c733a343a226d616c65223b67726f75705f69647c733a313a2232223b),
('62ajmb76t7pgbh4k9errkp7n1pngmfhp', '94.185.58.104', 1524038556, 0x5f5f63695f6c6173745f726567656e65726174657c693a313532343033383535363b7265717565737465645f706167657c733a303a22223b6964656e746974797c733a31393a2261646d696e4067756c6663796265722e636f6d223b757365726e616d657c733a343a2267756c66223b656d61696c7c733a31393a2261646d696e4067756c6663796265722e636f6d223b757365725f69647c733a313a2238223b6f6c645f6c6173745f6c6f67696e7c733a31303a2231353233393931353039223b6c6173745f69707c733a31333a2239342e3138352e35382e313034223b6176617461727c4e3b67656e6465727c4e3b67726f75705f69647c733a313a2231223b),
('6558tqdtu4f033e3li39jf3vhveumkbh', '5.37.244.109', 1524113566, 0x5f5f63695f6c6173745f726567656e65726174657c693a313532343131323436393b6964656e746974797c733a31333a227365656240756e70632e636f6d223b757365726e616d657c733a343a2273656562223b656d61696c7c733a31333a227365656240756e70632e636f6d223b757365725f69647c733a313a2237223b6f6c645f6c6173745f6c6f67696e7c733a31303a2231353234303237333832223b6c6173745f69707c733a31323a22352e33362e3139322e313136223b6176617461727c4e3b67656e6465727c733a343a226d616c65223b67726f75705f69647c733a313a2232223b),
('68oooc5e0kq2uepvsrq1thl9eue2qlue', '94.185.58.104', 1524057664, 0x5f5f63695f6c6173745f726567656e65726174657c693a313532343035373636343b7265717565737465645f706167657c733a303a22223b6964656e746974797c733a31393a2261646d696e4067756c6663796265722e636f6d223b757365726e616d657c733a343a2267756c66223b656d61696c7c733a31393a2261646d696e4067756c6663796265722e636f6d223b757365725f69647c733a313a2238223b6f6c645f6c6173745f6c6f67696e7c733a31303a2231353234303237373934223b6c6173745f69707c733a31333a2239342e3138352e35382e313034223b6176617461727c4e3b67656e6465727c4e3b67726f75705f69647c733a313a2231223b),
('6h4opqquoklm8aj9cl389vfggr524m7c', '5.36.251.41', 1523524739, 0x5f5f63695f6c6173745f726567656e65726174657c693a313532333532343635393b7265717565737465645f706167657c733a303a22223b6964656e746974797c733a31333a227365656240756e70632e636f6d223b757365726e616d657c733a343a2273656562223b656d61696c7c733a31333a227365656240756e70632e636f6d223b757365725f69647c733a313a2237223b6f6c645f6c6173745f6c6f67696e7c733a31303a2231353233343230393336223b6c6173745f69707c733a31323a22352e33362e3135362e313235223b6176617461727c4e3b67656e6465727c733a343a226d616c65223b67726f75705f69647c733a313a2232223b),
('6onmi032m25vgumij4cebqipr9e8egjb', '66.249.93.222', 1523904792, 0x5f5f63695f6c6173745f726567656e65726174657c693a313532333930343739323b),
('6v8dbgjmvqgjjdk8hta8che9hauoba32', '94.185.58.104', 1523529662, 0x5f5f63695f6c6173745f726567656e65726174657c693a313532333532393636323b7265717565737465645f706167657c733a303a22223b6964656e746974797c733a31393a2261646d696e4067756c6663796265722e636f6d223b757365726e616d657c733a343a2267756c66223b656d61696c7c733a31393a2261646d696e4067756c6663796265722e636f6d223b757365725f69647c733a313a2238223b6f6c645f6c6173745f6c6f67696e7c733a31303a2231353233353037323032223b6c6173745f69707c733a31333a2239342e3138352e35382e313034223b6176617461727c4e3b67656e6465727c4e3b67726f75705f69647c733a313a2231223b6d6573736167657c733a33383a223c703e596f7520617265207375636365737366756c6c79206c6f6767656420696e2e3c2f703e223b5f5f63695f766172737c613a313a7b733a373a226d657373616765223b733a333a226f6c64223b7d),
('719f8s7ag60f2q6r0ti2bbgnqnfm4i18', '94.185.58.104', 1524042258, 0x5f5f63695f6c6173745f726567656e65726174657c693a313532343034323235383b7265717565737465645f706167657c733a303a22223b6964656e746974797c733a31393a2261646d696e4067756c6663796265722e636f6d223b757365726e616d657c733a343a2267756c66223b656d61696c7c733a31393a2261646d696e4067756c6663796265722e636f6d223b757365725f69647c733a313a2238223b6f6c645f6c6173745f6c6f67696e7c733a31303a2231353233393931353039223b6c6173745f69707c733a31333a2239342e3138352e35382e313034223b6176617461727c4e3b67656e6465727c4e3b67726f75705f69647c733a313a2231223b),
('7cld3at62n6ibu0b909jo7k3aqvppkvh', '5.37.244.239', 1523516379, 0x5f5f63695f6c6173745f726567656e65726174657c693a313532333531363337323b7265717565737465645f706167657c733a303a22223b6964656e746974797c733a31333a227365656240756e70632e636f6d223b757365726e616d657c733a343a2273656562223b656d61696c7c733a31333a227365656240756e70632e636f6d223b757365725f69647c733a313a2237223b6f6c645f6c6173745f6c6f67696e7c733a31303a2231353233343230393336223b6c6173745f69707c733a31323a22352e33362e3135362e313235223b6176617461727c4e3b67656e6465727c733a343a226d616c65223b67726f75705f69647c733a313a2232223b),
('85cofv6i2lq13tp9fl53g1ko2i4g55ve', '94.185.58.104', 1523982250, 0x5f5f63695f6c6173745f726567656e65726174657c693a313532333938323234393b7265717565737465645f706167657c733a303a22223b6964656e746974797c733a31393a2261646d696e4067756c6663796265722e636f6d223b757365726e616d657c733a343a2267756c66223b656d61696c7c733a31393a2261646d696e4067756c6663796265722e636f6d223b757365725f69647c733a313a2238223b6f6c645f6c6173745f6c6f67696e7c733a31303a2231353233393538353032223b6c6173745f69707c733a31333a2234352e3131362e3233322e3130223b6176617461727c4e3b67656e6465727c4e3b67726f75705f69647c733a313a2231223b),
('8nrnf8duok7hdetdo8l3tdaquqgbkk17', '5.36.122.214', 1523517441, 0x5f5f63695f6c6173745f726567656e65726174657c693a313532333531373431353b7265717565737465645f706167657c733a303a22223b6964656e746974797c733a31333a227365656240756e70632e636f6d223b757365726e616d657c733a343a2273656562223b656d61696c7c733a31333a227365656240756e70632e636f6d223b757365725f69647c733a313a2237223b6f6c645f6c6173745f6c6f67696e7c733a31303a2231353233343230393336223b6c6173745f69707c733a31323a22352e33362e3135362e313235223b6176617461727c4e3b67656e6465727c733a343a226d616c65223b67726f75705f69647c733a313a2232223b),
('8pqiiemvfvc8r7qtc63hqq9rgo2msmbf', '94.185.58.104', 1523991501, 0x5f5f63695f6c6173745f726567656e65726174657c693a313532333939313530313b7265717565737465645f706167657c733a303a22223b),
('8tajc38rfsaefq7p820r1ikpgit9udiq', '5.36.219.150', 1523346424, 0x5f5f63695f6c6173745f726567656e65726174657c693a313532333334323531313b6964656e746974797c733a31333a227365656240756e70632e636f6d223b757365726e616d657c733a343a2273656562223b656d61696c7c733a31333a227365656240756e70632e636f6d223b757365725f69647c733a313a2237223b6f6c645f6c6173745f6c6f67696e7c733a31303a2231353232323130333735223b6c6173745f69707c733a31333a2238322e3137382e3131332e3335223b6176617461727c4e3b67656e6465727c733a343a226d616c65223b67726f75705f69647c733a313a2232223b),
('90n742gpdivgg1ftr1sk3r1f5tk2u979', '5.36.156.125', 1523422637, 0x5f5f63695f6c6173745f726567656e65726174657c693a313532333432303836303b6964656e746974797c733a31333a227365656240756e70632e636f6d223b757365726e616d657c733a343a2273656562223b656d61696c7c733a31333a227365656240756e70632e636f6d223b757365725f69647c733a313a2237223b6f6c645f6c6173745f6c6f67696e7c733a31303a2231353233333333323236223b6c6173745f69707c733a31323a2238322e3137382e362e313233223b6176617461727c4e3b67656e6465727c733a343a226d616c65223b67726f75705f69647c733a313a2232223b),
('92mqvliv0cl41n53t21iftogdhefgqd2', '69.58.178.59', 1523517906, 0x5f5f63695f6c6173745f726567656e65726174657c693a313532333531373930363b7265717565737465645f706167657c733a303a22223b),
('97t6qateulor8efqbp1pnajg78l37a67', '94.185.58.104', 1523909499, 0x5f5f63695f6c6173745f726567656e65726174657c693a313532333930393439383b7265717565737465645f706167657c733a303a22223b),
('9h8g9ugdj7u9d8kalf2bdgttep8cfgb7', '82.178.83.143', 1523348432, 0x5f5f63695f6c6173745f726567656e65726174657c693a313532333334373933373b6964656e746974797c733a31333a227365656240756e70632e636f6d223b757365726e616d657c733a343a2273656562223b656d61696c7c733a31333a227365656240756e70632e636f6d223b757365725f69647c733a313a2237223b6f6c645f6c6173745f6c6f67696e7c733a31303a2231353232323130333735223b6c6173745f69707c733a31333a2238322e3137382e3131332e3335223b6176617461727c4e3b67656e6465727c733a343a226d616c65223b67726f75705f69647c733a313a2232223b),
('9kma0vogngekl6o90h73muo7ebbj2lle', '5.36.142.213', 1524034223, 0x5f5f63695f6c6173745f726567656e65726174657c693a313532343033323633373b6964656e746974797c733a31333a227365656240756e70632e636f6d223b757365726e616d657c733a343a2273656562223b656d61696c7c733a31333a227365656240756e70632e636f6d223b757365725f69647c733a313a2237223b6f6c645f6c6173745f6c6f67696e7c733a31303a2231353233393537333839223b6c6173745f69707c733a31343a2238322e3137382e3133342e313430223b6176617461727c4e3b67656e6465727c733a343a226d616c65223b67726f75705f69647c733a313a2232223b),
('9u5224iaf2ji1sfh378m1t5h9b5h448h', '82.178.83.143', 1523347710, 0x5f5f63695f6c6173745f726567656e65726174657c693a313532333334363734383b6964656e746974797c733a31333a227365656240756e70632e636f6d223b757365726e616d657c733a343a2273656562223b656d61696c7c733a31333a227365656240756e70632e636f6d223b757365725f69647c733a313a2237223b6f6c645f6c6173745f6c6f67696e7c733a31303a2231353232323130333735223b6c6173745f69707c733a31333a2238322e3137382e3131332e3335223b6176617461727c4e3b67656e6465727c733a343a226d616c65223b67726f75705f69647c733a313a2232223b),
('9vsen5i9ibtggt2rl2rhh0cp11q9fc3j', '94.185.58.104', 1524042276, 0x5f5f63695f6c6173745f726567656e65726174657c693a313532343034323235383b7265717565737465645f706167657c733a303a22223b6964656e746974797c733a31393a2261646d696e4067756c6663796265722e636f6d223b757365726e616d657c733a343a2267756c66223b656d61696c7c733a31393a2261646d696e4067756c6663796265722e636f6d223b757365725f69647c733a313a2238223b6f6c645f6c6173745f6c6f67696e7c733a31303a2231353233393931353039223b6c6173745f69707c733a31333a2239342e3138352e35382e313034223b6176617461727c4e3b67656e6465727c4e3b67726f75705f69647c733a313a2231223b),
('a2d09j9raa0rkf0evhgdir9dvql165n8', '94.185.58.104', 1524135648, 0x5f5f63695f6c6173745f726567656e65726174657c693a313532343133353538363b6964656e746974797c733a31393a2261646d696e4067756c6663796265722e636f6d223b757365726e616d657c733a343a2267756c66223b656d61696c7c733a31393a2261646d696e4067756c6663796265722e636f6d223b757365725f69647c733a313a2238223b6f6c645f6c6173745f6c6f67696e7c733a31303a2231353234313335353236223b6c6173745f69707c733a31333a2239342e3138352e35382e313034223b6176617461727c4e3b67656e6465727c4e3b67726f75705f69647c733a313a2231223b5f5f63695f766172737c613a333a7b733a373a226d657373616765223b733a333a226f6c64223b733a373a22637372666b6579223b733a333a226e6577223b733a393a226373726676616c7565223b733a333a226e6577223b7d6d6573736167657c733a32353a2255736572207375636365737366756c6c792075706461746564223b637372666b65797c733a383a224f68735835305071223b6373726676616c75657c733a32303a22796f6c666b56397277325a746742354457466963223b),
('a7tchqfm122mnp74qauq9etnl0ifbsr9', '69.58.178.59', 1523517908, 0x5f5f63695f6c6173745f726567656e65726174657c693a313532333531373930383b),
('adhh3r8vvjb982vrlqsrcvqad7gf32s5', '94.185.58.104', 1523934139, 0x5f5f63695f6c6173745f726567656e65726174657c693a313532333933343133383b7265717565737465645f706167657c733a303a22223b),
('aq671urtvhpgj4hn6ipd46ls7569kviv', '5.36.107.44', 1523957176, 0x5f5f63695f6c6173745f726567656e65726174657c693a313532333935363934333b7265717565737465645f706167657c733a303a22223b),
('b2u99f9t0sj5uifg5mmvkdmo0gntq4rs', '94.185.58.104', 1523981415, 0x5f5f63695f6c6173745f726567656e65726174657c693a313532333938313431343b7265717565737465645f706167657c733a303a22223b6964656e746974797c733a31393a2261646d696e4067756c6663796265722e636f6d223b757365726e616d657c733a343a2267756c66223b656d61696c7c733a31393a2261646d696e4067756c6663796265722e636f6d223b757365725f69647c733a313a2238223b6f6c645f6c6173745f6c6f67696e7c733a31303a2231353233393538353032223b6c6173745f69707c733a31333a2234352e3131362e3233322e3130223b6176617461727c4e3b67656e6465727c4e3b67726f75705f69647c733a313a2231223b),
('bcse59opp9b3dn9si20hqvehm679rfcf', '82.178.6.123', 1523336186, 0x5f5f63695f6c6173745f726567656e65726174657c693a313532333333353839333b6964656e746974797c733a31333a227365656240756e70632e636f6d223b757365726e616d657c733a343a2273656562223b656d61696c7c733a31333a227365656240756e70632e636f6d223b757365725f69647c733a313a2237223b6f6c645f6c6173745f6c6f67696e7c733a31303a2231353232323130333735223b6c6173745f69707c733a31333a2238322e3137382e3131332e3335223b6176617461727c4e3b67656e6465727c733a343a226d616c65223b67726f75705f69647c733a313a2232223b),
('bfnmu7vk8721q73mjpvoh8f5ghpr7hsj', '94.185.58.104', 1523589490, 0x5f5f63695f6c6173745f726567656e65726174657c693a313532333538393436333b7265717565737465645f706167657c733a303a22223b6964656e746974797c733a31393a2261646d696e4067756c6663796265722e636f6d223b757365726e616d657c733a343a2267756c66223b656d61696c7c733a31393a2261646d696e4067756c6663796265722e636f6d223b757365725f69647c733a313a2238223b6f6c645f6c6173745f6c6f67696e7c733a31303a2231353233353239363632223b6c6173745f69707c733a31333a2239342e3138352e35382e313034223b6176617461727c4e3b67656e6465727c4e3b67726f75705f69647c733a313a2231223b),
('bmtl44arfntvojscng7smdjvmt70g9do', '94.185.58.104', 1523497078, 0x5f5f63695f6c6173745f726567656e65726174657c693a313532333439363937303b6964656e746974797c733a31393a2261646d696e4067756c6663796265722e636f6d223b757365726e616d657c733a343a2267756c66223b656d61696c7c733a31393a2261646d696e4067756c6663796265722e636f6d223b757365725f69647c733a313a2238223b6f6c645f6c6173745f6c6f67696e7c733a31303a2231353233343730383335223b6c6173745f69707c733a31333a2239342e3138352e35382e313034223b6176617461727c4e3b67656e6465727c4e3b67726f75705f69647c733a313a2231223b),
('boge1m068jleaenicqt1nv8kspl06ji6', '5.37.244.239', 1523506828, 0x5f5f63695f6c6173745f726567656e65726174657c693a313532333530363534313b7265717565737465645f706167657c733a303a22223b6572726f727c733a33373a223c703e4c6f67696e204661696c65642c20506c656173652074727920616761696e3c2f703e223b5f5f63695f766172737c613a313a7b733a353a226572726f72223b733a333a226f6c64223b7d),
('cfsgc7qhb5iscbj59b16jjp4p9kg53ih', '5.36.147.225', 1523938072, 0x5f5f63695f6c6173745f726567656e65726174657c693a313532333933383035383b7265717565737465645f706167657c733a303a22223b6964656e746974797c733a31333a227365656240756e70632e636f6d223b757365726e616d657c733a343a2273656562223b656d61696c7c733a31333a227365656240756e70632e636f6d223b757365725f69647c733a313a2237223b6f6c645f6c6173745f6c6f67696e7c733a31303a2231353233353039343233223b6c6173745f69707c733a31323a22352e33372e3234342e323339223b6176617461727c4e3b67656e6465727c733a343a226d616c65223b67726f75705f69647c733a313a2232223b6d6573736167657c733a34363a223c703ed8aad98520d8aad8b3d8acd98ad98420d8a7d984d8afd8aed988d98420d8a8d986d8acd8a7d8ad3c2f703e223b5f5f63695f766172737c613a313a7b733a373a226d657373616765223b733a333a226f6c64223b7d),
('ch3ilk6uefgscfkreg86h7g53kgdpr5h', '5.37.244.239', 1523515817, 0x5f5f63695f6c6173745f726567656e65726174657c693a313532333531353232333b7265717565737465645f706167657c733a303a22223b6964656e746974797c733a31333a227365656240756e70632e636f6d223b757365726e616d657c733a343a2273656562223b656d61696c7c733a31333a227365656240756e70632e636f6d223b757365725f69647c733a313a2237223b6f6c645f6c6173745f6c6f67696e7c733a31303a2231353233343230393336223b6c6173745f69707c733a31323a22352e33362e3135362e313235223b6176617461727c4e3b67656e6465727c733a343a226d616c65223b67726f75705f69647c733a313a2232223b),
('cs3lt3img66486degb9bpsrh6k00mvt0', '5.36.142.213', 1524034571, 0x5f5f63695f6c6173745f726567656e65726174657c693a313532343033343537313b6964656e746974797c733a31333a227365656240756e70632e636f6d223b757365726e616d657c733a343a2273656562223b656d61696c7c733a31333a227365656240756e70632e636f6d223b757365725f69647c733a313a2237223b6f6c645f6c6173745f6c6f67696e7c733a31303a2231353233393537333839223b6c6173745f69707c733a31343a2238322e3137382e3133342e313430223b6176617461727c4e3b67656e6465727c733a343a226d616c65223b67726f75705f69647c733a313a2232223b),
('d6p3651327bro29kb7k34afi2g8irfpf', '5.36.192.116', 1524028172, 0x5f5f63695f6c6173745f726567656e65726174657c693a313532343032373338303b6964656e746974797c733a31333a227365656240756e70632e636f6d223b757365726e616d657c733a343a2273656562223b656d61696c7c733a31333a227365656240756e70632e636f6d223b757365725f69647c733a313a2237223b6f6c645f6c6173745f6c6f67696e7c733a31303a2231353233393537333839223b6c6173745f69707c733a31343a2238322e3137382e3133342e313430223b6176617461727c4e3b67656e6465727c733a343a226d616c65223b67726f75705f69647c733a313a2232223b),
('decn2b5jdbhbbu0vcpvs7fdck5bc793k', '94.185.58.104', 1523871329, 0x5f5f63695f6c6173745f726567656e65726174657c693a313532333837313331333b7265717565737465645f706167657c733a303a22223b6964656e746974797c733a31393a2261646d696e4067756c6663796265722e636f6d223b757365726e616d657c733a343a2267756c66223b656d61696c7c733a31393a2261646d696e4067756c6663796265722e636f6d223b757365725f69647c733a313a2238223b6f6c645f6c6173745f6c6f67696e7c733a31303a2231353233383531363037223b6c6173745f69707c733a31333a2239342e3138352e35382e313034223b6176617461727c4e3b67656e6465727c4e3b67726f75705f69647c733a313a2231223b6d6573736167657c733a33383a223c703e596f7520617265207375636365737366756c6c79206c6f6767656420696e2e3c2f703e223b5f5f63695f766172737c613a313a7b733a373a226d657373616765223b733a333a226f6c64223b7d),
('e05fcvehduksspk4bun3oh1p5jm0mh9a', '94.185.58.104', 1523851599, 0x5f5f63695f6c6173745f726567656e65726174657c693a313532333835313539393b7265717565737465645f706167657c733a303a22223b),
('e86551qaevr17t0i8cin0au7tqf5nol5', '5.37.244.239', 1523516107, 0x5f5f63695f6c6173745f726567656e65726174657c693a313532333531353936313b7265717565737465645f706167657c733a303a22223b6964656e746974797c733a31333a227365656240756e70632e636f6d223b757365726e616d657c733a343a2273656562223b656d61696c7c733a31333a227365656240756e70632e636f6d223b757365725f69647c733a313a2237223b6f6c645f6c6173745f6c6f67696e7c733a31303a2231353233343230393336223b6c6173745f69707c733a31323a22352e33362e3135362e313235223b6176617461727c4e3b67656e6465727c733a343a226d616c65223b67726f75705f69647c733a313a2232223b),
('edfuofb0aralpfq7jk73cv9q602sv60r', '5.37.244.239', 1523507294, 0x5f5f63695f6c6173745f726567656e65726174657c693a313532333530373137333b7265717565737465645f706167657c733a303a22223b6572726f727c733a36383a223c703e596f7520686176652033206661696c6564206c6f67696e20617474656d7074732e20506c6561736520747279206166746572203130206d696e757465733c2f703e223b5f5f63695f766172737c613a313a7b733a353a226572726f72223b733a333a226f6c64223b7d),
('esvhkvhjh231sm43ngh2rhif701lbm6d', '142.4.218.156', 1523389919, 0x5f5f63695f6c6173745f726567656e65726174657c693a313532333338393931393b7265717565737465645f706167657c733a303a22223b),
('ethkipudi5i5033i6ehhpp07ifsqm5rm', '5.36.251.41', 1523524621, 0x5f5f63695f6c6173745f726567656e65726174657c693a313532333532343334373b7265717565737465645f706167657c733a303a22223b6964656e746974797c733a31333a227365656240756e70632e636f6d223b757365726e616d657c733a343a2273656562223b656d61696c7c733a31333a227365656240756e70632e636f6d223b757365725f69647c733a313a2237223b6f6c645f6c6173745f6c6f67696e7c733a31303a2231353233343230393336223b6c6173745f69707c733a31323a22352e33362e3135362e313235223b6176617461727c4e3b67656e6465727c733a343a226d616c65223b67726f75705f69647c733a313a2232223b),
('f29ndd1gpnqh3o42jcl0fivo6e1kvvo3', '82.178.83.143', 1523349092, 0x5f5f63695f6c6173745f726567656e65726174657c693a313532333334383931323b6964656e746974797c733a31333a227365656240756e70632e636f6d223b757365726e616d657c733a343a2273656562223b656d61696c7c733a31333a227365656240756e70632e636f6d223b757365725f69647c733a313a2237223b6f6c645f6c6173745f6c6f67696e7c733a31303a2231353232323130333735223b6c6173745f69707c733a31333a2238322e3137382e3131332e3335223b6176617461727c4e3b67656e6465727c733a343a226d616c65223b67726f75705f69647c733a313a2232223b),
('f5dai1rbruvatmaj42utuslpq175e559', '94.185.58.104', 1523909506, 0x5f5f63695f6c6173745f726567656e65726174657c693a313532333930393439383b7265717565737465645f706167657c733a303a22223b6964656e746974797c733a31393a2261646d696e4067756c6663796265722e636f6d223b757365726e616d657c733a343a2267756c66223b656d61696c7c733a31393a2261646d696e4067756c6663796265722e636f6d223b757365725f69647c733a313a2238223b6f6c645f6c6173745f6c6f67696e7c733a31303a2231353233383834353331223b6c6173745f69707c733a31333a2239342e3138352e35382e313034223b6176617461727c4e3b67656e6465727c4e3b67726f75705f69647c733a313a2231223b6d6573736167657c733a33383a223c703e596f7520617265207375636365737366756c6c79206c6f6767656420696e2e3c2f703e223b5f5f63695f766172737c613a313a7b733a373a226d657373616765223b733a333a226f6c64223b7d),
('famvb7jogs8k1g0edfnigv4b9j5k5pn3', '5.36.147.225', 1523943925, 0x5f5f63695f6c6173745f726567656e65726174657c693a313532333934333337363b7265717565737465645f706167657c733a303a22223b6964656e746974797c733a31333a227365656240756e70632e636f6d223b757365726e616d657c733a343a2273656562223b656d61696c7c733a31333a227365656240756e70632e636f6d223b757365725f69647c733a313a2237223b6f6c645f6c6173745f6c6f67696e7c733a31303a2231353233353039343233223b6c6173745f69707c733a31323a22352e33372e3234342e323339223b6176617461727c4e3b67656e6465727c733a343a226d616c65223b67726f75705f69647c733a313a2232223b),
('fcib7e97ujicf4h0cg3omtkn6csfg73g', '94.185.58.104', 1523978331, 0x5f5f63695f6c6173745f726567656e65726174657c693a313532333937383333303b7265717565737465645f706167657c733a303a22223b),
('ff3oj8d0dr03n0atgirpnpts5po9fgvh', '5.37.244.239', 1523510145, 0x5f5f63695f6c6173745f726567656e65726174657c693a313532333531303030383b7265717565737465645f706167657c733a303a22223b6964656e746974797c733a31333a227365656240756e70632e636f6d223b757365726e616d657c733a343a2273656562223b656d61696c7c733a31333a227365656240756e70632e636f6d223b757365725f69647c733a313a2237223b6f6c645f6c6173745f6c6f67696e7c733a31303a2231353233343230393336223b6c6173745f69707c733a31323a22352e33362e3135362e313235223b6176617461727c4e3b67656e6465727c733a343a226d616c65223b67726f75705f69647c733a313a2232223b),
('fmujtgb8c2c2u7aksuv9ekabb407s8bj', '5.36.225.202', 1523524309, 0x5f5f63695f6c6173745f726567656e65726174657c693a313532333532333935343b7265717565737465645f706167657c733a303a22223b6964656e746974797c733a31333a227365656240756e70632e636f6d223b757365726e616d657c733a343a2273656562223b656d61696c7c733a31333a227365656240756e70632e636f6d223b757365725f69647c733a313a2237223b6f6c645f6c6173745f6c6f67696e7c733a31303a2231353233343230393336223b6c6173745f69707c733a31323a22352e33362e3135362e313235223b6176617461727c4e3b67656e6465727c733a343a226d616c65223b67726f75705f69647c733a313a2232223b),
('fpphoth943k274eb4pc681glnlbb0oi5', '94.185.58.104', 1523598720, 0x5f5f63695f6c6173745f726567656e65726174657c693a313532333539383730323b7265717565737465645f706167657c733a303a22223b6964656e746974797c733a31393a2261646d696e4067756c6663796265722e636f6d223b757365726e616d657c733a343a2267756c66223b656d61696c7c733a31393a2261646d696e4067756c6663796265722e636f6d223b757365725f69647c733a313a2238223b6f6c645f6c6173745f6c6f67696e7c733a31303a2231353233353839343738223b6c6173745f69707c733a31333a2239342e3138352e35382e313034223b6176617461727c4e3b67656e6465727c4e3b67726f75705f69647c733a313a2231223b),
('g59kg356tqvkresrsun2fd386g8o4fa7', '94.185.58.104', 1523871314, 0x5f5f63695f6c6173745f726567656e65726174657c693a313532333837313331333b7265717565737465645f706167657c733a303a22223b),
('g7ki67ol5j4cl6or63huqct2sad99s4o', '82.178.83.143', 1523352565, 0x5f5f63695f6c6173745f726567656e65726174657c693a313532333335323239343b6964656e746974797c733a31333a227365656240756e70632e636f6d223b757365726e616d657c733a343a2273656562223b656d61696c7c733a31333a227365656240756e70632e636f6d223b757365725f69647c733a313a2237223b6f6c645f6c6173745f6c6f67696e7c733a31303a2231353232323130333735223b6c6173745f69707c733a31333a2238322e3137382e3131332e3335223b6176617461727c4e3b67656e6465727c733a343a226d616c65223b67726f75705f69647c733a313a2232223b),
('gclchjcncp817aq57qqclbp13vr45dno', '5.36.122.214', 1523523865, 0x5f5f63695f6c6173745f726567656e65726174657c693a313532333531393234363b7265717565737465645f706167657c733a303a22223b6964656e746974797c733a31333a227365656240756e70632e636f6d223b757365726e616d657c733a343a2273656562223b656d61696c7c733a31333a227365656240756e70632e636f6d223b757365725f69647c733a313a2237223b6f6c645f6c6173745f6c6f67696e7c733a31303a2231353233343230393336223b6c6173745f69707c733a31323a22352e33362e3135362e313235223b6176617461727c4e3b67656e6465727c733a343a226d616c65223b67726f75705f69647c733a313a2232223b),
('gfpf54sgk7olac16s0kmn109k99imjg3', '5.36.122.214', 1523518878, 0x5f5f63695f6c6173745f726567656e65726174657c693a313532333531383837383b7265717565737465645f706167657c733a303a22223b6964656e746974797c733a31333a227365656240756e70632e636f6d223b757365726e616d657c733a343a2273656562223b656d61696c7c733a31333a227365656240756e70632e636f6d223b757365725f69647c733a313a2237223b6f6c645f6c6173745f6c6f67696e7c733a31303a2231353233343230393336223b6c6173745f69707c733a31323a22352e33362e3135362e313235223b6176617461727c4e3b67656e6465727c733a343a226d616c65223b67726f75705f69647c733a313a2232223b),
('gndkei36isoou5dhh32kti6dfjnuprhl', '94.185.58.104', 1523851617, 0x5f5f63695f6c6173745f726567656e65726174657c693a313532333835313539393b7265717565737465645f706167657c733a303a22223b6964656e746974797c733a31393a2261646d696e4067756c6663796265722e636f6d223b757365726e616d657c733a343a2267756c66223b656d61696c7c733a31393a2261646d696e4067756c6663796265722e636f6d223b757365725f69647c733a313a2238223b6f6c645f6c6173745f6c6f67696e7c733a31303a2231353233373731373530223b6c6173745f69707c733a31333a2239342e3138352e35382e313034223b6176617461727c4e3b67656e6465727c4e3b67726f75705f69647c733a313a2231223b),
('gpeq5osgn80f9g9gbnugqcqouvo56g3f', '5.36.219.150', 1523340166, 0x5f5f63695f6c6173745f726567656e65726174657c693a313532333334303035333b6964656e746974797c733a31333a227365656240756e70632e636f6d223b757365726e616d657c733a343a2273656562223b656d61696c7c733a31333a227365656240756e70632e636f6d223b757365725f69647c733a313a2237223b6f6c645f6c6173745f6c6f67696e7c733a31303a2231353232323130333735223b6c6173745f69707c733a31333a2238322e3137382e3131332e3335223b6176617461727c4e3b67656e6465727c733a343a226d616c65223b67726f75705f69647c733a313a2232223b),
('gsqd4926e3b677ljmolakfttcc7i5shk', '5.36.142.213', 1524034393, 0x5f5f63695f6c6173745f726567656e65726174657c693a313532343033343236343b6964656e746974797c733a31333a227365656240756e70632e636f6d223b757365726e616d657c733a343a2273656562223b656d61696c7c733a31333a227365656240756e70632e636f6d223b757365725f69647c733a313a2237223b6f6c645f6c6173745f6c6f67696e7c733a31303a2231353233393537333839223b6c6173745f69707c733a31343a2238322e3137382e3133342e313430223b6176617461727c4e3b67656e6465727c733a343a226d616c65223b67726f75705f69647c733a313a2232223b),
('hvn20ggrkk8jva0jjcn1msjduf63in4q', '94.185.58.104', 1523884524, 0x5f5f63695f6c6173745f726567656e65726174657c693a313532333838343532333b7265717565737465645f706167657c733a303a22223b),
('i6dj6f12hkafa53k82bs6haa09dfus48', '94.185.58.104', 1523771711, 0x5f5f63695f6c6173745f726567656e65726174657c693a313532333737313731313b7265717565737465645f706167657c733a303a22223b),
('j4cnn0g167tgn2hemh2r6rkp9ktgft61', '94.185.58.104', 1523676342, 0x5f5f63695f6c6173745f726567656e65726174657c693a313532333637363334313b7265717565737465645f706167657c733a303a22223b),
('j5f6pu6n0gfvnpeeiom64ock9g5ri8rr', '5.36.156.125', 1523424399, 0x5f5f63695f6c6173745f726567656e65726174657c693a313532333432323834343b6964656e746974797c733a31333a227365656240756e70632e636f6d223b757365726e616d657c733a343a2273656562223b656d61696c7c733a31333a227365656240756e70632e636f6d223b757365725f69647c733a313a2237223b6f6c645f6c6173745f6c6f67696e7c733a31303a2231353233333333323236223b6c6173745f69707c733a31323a2238322e3137382e362e313233223b6176617461727c4e3b67656e6465727c733a343a226d616c65223b67726f75705f69647c733a313a2232223b),
('j83mjdarggvqt2a93jiqu561maqu9uh9', '82.178.83.143', 1523354538, 0x5f5f63695f6c6173745f726567656e65726174657c693a313532333335343435393b6964656e746974797c733a31333a227365656240756e70632e636f6d223b757365726e616d657c733a343a2273656562223b656d61696c7c733a31333a227365656240756e70632e636f6d223b757365725f69647c733a313a2237223b6f6c645f6c6173745f6c6f67696e7c733a31303a2231353232323130333735223b6c6173745f69707c733a31333a2238322e3137382e3131332e3335223b6176617461727c4e3b67656e6465727c733a343a226d616c65223b67726f75705f69647c733a313a2232223b),
('jit46mc0a04sclog4g0q6dbp0h1a5u6r', '94.185.58.104', 1524051526, 0x5f5f63695f6c6173745f726567656e65726174657c693a313532343035313531393b7265717565737465645f706167657c733a303a22223b6964656e746974797c733a31393a2261646d696e4067756c6663796265722e636f6d223b757365726e616d657c733a343a2267756c66223b656d61696c7c733a31393a2261646d696e4067756c6663796265722e636f6d223b757365725f69647c733a313a2238223b6f6c645f6c6173745f6c6f67696e7c733a31303a2231353234303237373934223b6c6173745f69707c733a31333a2239342e3138352e35382e313034223b6176617461727c4e3b67656e6465727c4e3b67726f75705f69647c733a313a2231223b6d6573736167657c733a33383a223c703e596f7520617265207375636365737366756c6c79206c6f6767656420696e2e3c2f703e223b5f5f63695f766172737c613a313a7b733a373a226d657373616765223b733a333a226f6c64223b7d),
('jqhj69itbsvkqbmo3uacmcgl8a8t7n3p', '85.154.122.124', 1523426419, 0x5f5f63695f6c6173745f726567656e65726174657c693a313532333432363331393b6964656e746974797c733a31333a227365656240756e70632e636f6d223b757365726e616d657c733a343a2273656562223b656d61696c7c733a31333a227365656240756e70632e636f6d223b757365725f69647c733a313a2237223b6f6c645f6c6173745f6c6f67696e7c733a31303a2231353233333333323236223b6c6173745f69707c733a31323a2238322e3137382e362e313233223b6176617461727c4e3b67656e6465727c733a343a226d616c65223b67726f75705f69647c733a313a2232223b),
('k27ve2qfpri8ujlgppkijdpk98p3bpaq', '5.37.244.239', 1523511254, 0x5f5f63695f6c6173745f726567656e65726174657c693a313532333531313030343b7265717565737465645f706167657c733a303a22223b6964656e746974797c733a31333a227365656240756e70632e636f6d223b757365726e616d657c733a343a2273656562223b656d61696c7c733a31333a227365656240756e70632e636f6d223b757365725f69647c733a313a2237223b6f6c645f6c6173745f6c6f67696e7c733a31303a2231353233343230393336223b6c6173745f69707c733a31323a22352e33362e3135362e313235223b6176617461727c4e3b67656e6465727c733a343a226d616c65223b67726f75705f69647c733a313a2232223b),
('kajscfe8utfin3o93ke5ghgaqbrjd8ro', '94.185.58.104', 1524089032, 0x5f5f63695f6c6173745f726567656e65726174657c693a313532343038393032343b7265717565737465645f706167657c733a303a22223b6964656e746974797c733a31393a2261646d696e4067756c6663796265722e636f6d223b757365726e616d657c733a343a2267756c66223b656d61696c7c733a31393a2261646d696e4067756c6663796265722e636f6d223b757365725f69647c733a313a2238223b6f6c645f6c6173745f6c6f67696e7c733a31303a2231353234303531353236223b6c6173745f69707c733a31333a2239342e3138352e35382e313034223b6176617461727c4e3b67656e6465727c4e3b67726f75705f69647c733a313a2231223b6d6573736167657c733a33383a223c703e596f7520617265207375636365737366756c6c79206c6f6767656420696e2e3c2f703e223b5f5f63695f766172737c613a313a7b733a373a226d657373616765223b733a333a226f6c64223b7d),
('l2kpm03bihgej6693ntjlf03o8l5bak1', '94.185.58.104', 1524027794, 0x5f5f63695f6c6173745f726567656e65726174657c693a313532343032373738373b7265717565737465645f706167657c733a303a22223b6964656e746974797c733a31393a2261646d696e4067756c6663796265722e636f6d223b757365726e616d657c733a343a2267756c66223b656d61696c7c733a31393a2261646d696e4067756c6663796265722e636f6d223b757365725f69647c733a313a2238223b6f6c645f6c6173745f6c6f67696e7c733a31303a2231353233393931353039223b6c6173745f69707c733a31333a2239342e3138352e35382e313034223b6176617461727c4e3b67656e6465727c4e3b67726f75705f69647c733a313a2231223b6d6573736167657c733a33383a223c703e596f7520617265207375636365737366756c6c79206c6f6767656420696e2e3c2f703e223b5f5f63695f766172737c613a313a7b733a373a226d657373616765223b733a333a226f6c64223b7d),
('l4hq6bfe443ucheok2jfq2mcpbtnfi6v', '94.185.58.104', 1523771776, 0x5f5f63695f6c6173745f726567656e65726174657c693a313532333737313731313b7265717565737465645f706167657c733a303a22223b6964656e746974797c733a31393a2261646d696e4067756c6663796265722e636f6d223b757365726e616d657c733a343a2267756c66223b656d61696c7c733a31393a2261646d696e4067756c6663796265722e636f6d223b757365725f69647c733a313a2238223b6f6c645f6c6173745f6c6f67696e7c733a31303a2231353233363736333439223b6c6173745f69707c733a31333a2239342e3138352e35382e313034223b6176617461727c4e3b67656e6465727c4e3b67726f75705f69647c733a313a2231223b),
('lfavid81of9e2kdg6fspb8gv228435os', '5.37.244.109', 1524115110, 0x5f5f63695f6c6173745f726567656e65726174657c693a313532343131343836333b6964656e746974797c733a31333a227365656240756e70632e636f6d223b757365726e616d657c733a343a2273656562223b656d61696c7c733a31333a227365656240756e70632e636f6d223b757365725f69647c733a313a2237223b6f6c645f6c6173745f6c6f67696e7c733a31303a2231353234303237333832223b6c6173745f69707c733a31323a22352e33362e3139322e313136223b6176617461727c4e3b67656e6465727c733a343a226d616c65223b67726f75705f69647c733a313a2232223b),
('lh6b8h6psd6pck8kjqo9kdloero358u5', '5.36.219.150', 1523342230, 0x5f5f63695f6c6173745f726567656e65726174657c693a313532333334303939383b6964656e746974797c733a31333a227365656240756e70632e636f6d223b757365726e616d657c733a343a2273656562223b656d61696c7c733a31333a227365656240756e70632e636f6d223b757365725f69647c733a313a2237223b6f6c645f6c6173745f6c6f67696e7c733a31303a2231353232323130333735223b6c6173745f69707c733a31333a2238322e3137382e3131332e3335223b6176617461727c4e3b67656e6465727c733a343a226d616c65223b67726f75705f69647c733a313a2232223b),
('loflv5pntisil86e6ds42s8vnq02docm', '82.178.6.123', 1523339155, 0x5f5f63695f6c6173745f726567656e65726174657c693a313532333333363233303b6964656e746974797c733a31333a227365656240756e70632e636f6d223b757365726e616d657c733a343a2273656562223b656d61696c7c733a31333a227365656240756e70632e636f6d223b757365725f69647c733a313a2237223b6f6c645f6c6173745f6c6f67696e7c733a31303a2231353232323130333735223b6c6173745f69707c733a31333a2238322e3137382e3131332e3335223b6176617461727c4e3b67656e6465727c733a343a226d616c65223b67726f75705f69647c733a313a2232223b),
('lpt721uhn5us1av83dg7idj053d1fgh6', '103.95.98.252', 1524218351, 0x5f5f63695f6c6173745f726567656e65726174657c693a313532343231383335303b7265717565737465645f706167657c733a303a22223b),
('ltvar0qdhnvprd2988cuvtl4onoa4946', '66.249.93.223', 1524170722, 0x5f5f63695f6c6173745f726567656e65726174657c693a313532343137303732323b),
('lu4dlpfegmp1d0h14d1lviiqoue3ilcu', '82.178.134.140', 1523957389, 0x5f5f63695f6c6173745f726567656e65726174657c693a313532333935373337393b7265717565737465645f706167657c733a303a22223b6964656e746974797c733a31333a227365656240756e70632e636f6d223b757365726e616d657c733a343a2273656562223b656d61696c7c733a31333a227365656240756e70632e636f6d223b757365725f69647c733a313a2237223b6f6c645f6c6173745f6c6f67696e7c733a31303a2231353233393338303732223b6c6173745f69707c733a31323a22352e33362e3134372e323235223b6176617461727c4e3b67656e6465727c733a343a226d616c65223b67726f75705f69647c733a313a2232223b6d6573736167657c733a34363a223c703ed8aad98520d8aad8b3d8acd98ad98420d8a7d984d8afd8aed988d98420d8a8d986d8acd8a7d8ad3c2f703e223b5f5f63695f766172737c613a313a7b733a373a226d657373616765223b733a333a226f6c64223b7d),
('m4400pum1kdmp01gt6vs1679ljgo4qaf', '94.185.58.104', 1523598702, 0x5f5f63695f6c6173745f726567656e65726174657c693a313532333539383730313b7265717565737465645f706167657c733a303a22223b),
('msnru99ehrh2jm2i0msp5tbdbtkhv8jj', '82.178.83.143', 1523354387, 0x5f5f63695f6c6173745f726567656e65726174657c693a313532333335343131393b6964656e746974797c733a31333a227365656240756e70632e636f6d223b757365726e616d657c733a343a2273656562223b656d61696c7c733a31333a227365656240756e70632e636f6d223b757365725f69647c733a313a2237223b6f6c645f6c6173745f6c6f67696e7c733a31303a2231353232323130333735223b6c6173745f69707c733a31333a2238322e3137382e3131332e3335223b6176617461727c4e3b67656e6465727c733a343a226d616c65223b67726f75705f69647c733a313a2232223b),
('n4teqtpi7saqiguqjf64pmhbdpq2cbsv', '5.37.244.239', 1523507145, 0x5f5f63695f6c6173745f726567656e65726174657c693a313532333530363836303b7265717565737465645f706167657c733a303a22223b),
('ng45p63f55j5tsvev0utke9q7ivtvq1a', '5.36.219.150', 1523340878, 0x5f5f63695f6c6173745f726567656e65726174657c693a313532333334303638363b6964656e746974797c733a31333a227365656240756e70632e636f6d223b757365726e616d657c733a343a2273656562223b656d61696c7c733a31333a227365656240756e70632e636f6d223b757365725f69647c733a313a2237223b6f6c645f6c6173745f6c6f67696e7c733a31303a2231353232323130333735223b6c6173745f69707c733a31333a2238322e3137382e3131332e3335223b6176617461727c4e3b67656e6465727c733a343a226d616c65223b67726f75705f69647c733a313a2232223b),
('nuu6cqhfotkiou05795embhevu6l2cbi', '94.185.58.104', 1523978350, 0x5f5f63695f6c6173745f726567656e65726174657c693a313532333937383333303b7265717565737465645f706167657c733a303a22223b6964656e746974797c733a31393a2261646d696e4067756c6663796265722e636f6d223b757365726e616d657c733a343a2267756c66223b656d61696c7c733a31393a2261646d696e4067756c6663796265722e636f6d223b757365725f69647c733a313a2238223b6f6c645f6c6173745f6c6f67696e7c733a31303a2231353233393538353032223b6c6173745f69707c733a31333a2234352e3131362e3233322e3130223b6176617461727c4e3b67656e6465727c4e3b67726f75705f69647c733a313a2231223b),
('o0l0qavs6r7era83mad5jumfctvbpmqk', '82.178.83.143', 1523353145, 0x5f5f63695f6c6173745f726567656e65726174657c693a313532333335323631303b6964656e746974797c733a31333a227365656240756e70632e636f6d223b757365726e616d657c733a343a2273656562223b656d61696c7c733a31333a227365656240756e70632e636f6d223b757365725f69647c733a313a2237223b6f6c645f6c6173745f6c6f67696e7c733a31303a2231353232323130333735223b6c6173745f69707c733a31333a2238322e3137382e3131332e3335223b6176617461727c4e3b67656e6465727c733a343a226d616c65223b67726f75705f69647c733a313a2232223b),
('o7djjofucmohgtliubu5h44de77n1i0k', '5.37.244.109', 1524115326, 0x5f5f63695f6c6173745f726567656e65726174657c693a313532343131353232393b6964656e746974797c733a31333a227365656240756e70632e636f6d223b757365726e616d657c733a343a2273656562223b656d61696c7c733a31333a227365656240756e70632e636f6d223b757365725f69647c733a313a2237223b6f6c645f6c6173745f6c6f67696e7c733a31303a2231353234303237333832223b6c6173745f69707c733a31323a22352e33362e3139322e313136223b6176617461727c4e3b67656e6465727c733a343a226d616c65223b67726f75705f69647c733a313a2232223b),
('oq7ukg3k4llrdkr5m07e49rhbjkf6brk', '94.185.58.104', 1523676383, 0x5f5f63695f6c6173745f726567656e65726174657c693a313532333637363334323b7265717565737465645f706167657c733a303a22223b6964656e746974797c733a31393a2261646d696e4067756c6663796265722e636f6d223b757365726e616d657c733a343a2267756c66223b656d61696c7c733a31393a2261646d696e4067756c6663796265722e636f6d223b757365725f69647c733a313a2238223b6f6c645f6c6173745f6c6f67696e7c733a31303a2231353233363131383038223b6c6173745f69707c733a31333a2239342e3138352e35382e313034223b6176617461727c4e3b67656e6465727c4e3b67726f75705f69647c733a313a2231223b);
INSERT INTO `tec_sessions` (`id`, `ip_address`, `timestamp`, `data`) VALUES
('p6fvhbrcb5eeago99cimbbgdfk5rlku6', '82.178.6.123', 1523335640, 0x5f5f63695f6c6173745f726567656e65726174657c693a313532333333333139343b6964656e746974797c733a31333a227365656240756e70632e636f6d223b757365726e616d657c733a343a2273656562223b656d61696c7c733a31333a227365656240756e70632e636f6d223b757365725f69647c733a313a2237223b6f6c645f6c6173745f6c6f67696e7c733a31303a2231353232323130333735223b6c6173745f69707c733a31333a2238322e3137382e3131332e3335223b6176617461727c4e3b67656e6465727c733a343a226d616c65223b67726f75705f69647c733a313a2232223b),
('pdoqcgn66gclnsvuqk99d06h9qk5il6p', '94.185.58.104', 1523611816, 0x5f5f63695f6c6173745f726567656e65726174657c693a313532333631313830313b7265717565737465645f706167657c733a303a22223b6964656e746974797c733a31393a2261646d696e4067756c6663796265722e636f6d223b757365726e616d657c733a343a2267756c66223b656d61696c7c733a31393a2261646d696e4067756c6663796265722e636f6d223b757365725f69647c733a313a2238223b6f6c645f6c6173745f6c6f67696e7c733a31303a2231353233353938373133223b6c6173745f69707c733a31333a2239342e3138352e35382e313034223b6176617461727c4e3b67656e6465727c4e3b67726f75705f69647c733a313a2231223b),
('pre8irdolgo13drv7sv9oko5cpi4kkbf', '94.185.58.104', 1523529570, 0x5f5f63695f6c6173745f726567656e65726174657c693a313532333532393333363b7265717565737465645f706167657c733a303a22223b),
('r1b4fji8fjf3t3kmdbcqgrnnu905fqq1', '94.185.58.104', 1523611802, 0x5f5f63695f6c6173745f726567656e65726174657c693a313532333631313830313b7265717565737465645f706167657c733a303a22223b),
('rla065n9eun8qu8rnkdratjjms9uuecb', '66.249.93.223', 1523991501, 0x5f5f63695f6c6173745f726567656e65726174657c693a313532333939313530313b),
('s5qkeffauo15267kjn26j7b5c6aemikt', '5.36.192.116', 1524032336, 0x5f5f63695f6c6173745f726567656e65726174657c693a313532343032383234303b6964656e746974797c733a31333a227365656240756e70632e636f6d223b757365726e616d657c733a343a2273656562223b656d61696c7c733a31333a227365656240756e70632e636f6d223b757365725f69647c733a313a2237223b6f6c645f6c6173745f6c6f67696e7c733a31303a2231353233393537333839223b6c6173745f69707c733a31343a2238322e3137382e3133342e313430223b6176617461727c4e3b67656e6465727c733a343a226d616c65223b67726f75705f69647c733a313a2232223b),
('t11l4f6e33lhsncvb5hrci1037gp0eii', '5.37.244.109', 1524114821, 0x5f5f63695f6c6173745f726567656e65726174657c693a313532343131333636393b6964656e746974797c733a31333a227365656240756e70632e636f6d223b757365726e616d657c733a343a2273656562223b656d61696c7c733a31333a227365656240756e70632e636f6d223b757365725f69647c733a313a2237223b6f6c645f6c6173745f6c6f67696e7c733a31303a2231353234303237333832223b6c6173745f69707c733a31323a22352e33362e3139322e313136223b6176617461727c4e3b67656e6465727c733a343a226d616c65223b67726f75705f69647c733a313a2232223b),
('t5lduejl06lhflenplba738ahjfuu8ii', '94.185.58.104', 1524057665, 0x5f5f63695f6c6173745f726567656e65726174657c693a313532343035373636343b7265717565737465645f706167657c733a303a22223b6964656e746974797c733a31393a2261646d696e4067756c6663796265722e636f6d223b757365726e616d657c733a343a2267756c66223b656d61696c7c733a31393a2261646d696e4067756c6663796265722e636f6d223b757365725f69647c733a313a2238223b6f6c645f6c6173745f6c6f67696e7c733a31303a2231353234303237373934223b6c6173745f69707c733a31333a2239342e3138352e35382e313034223b6176617461727c4e3b67656e6465727c4e3b67726f75705f69647c733a313a2231223b),
('tge3p4no5l0rlbutp60im6ts06mrqnqt', '45.116.232.10', 1523959914, 0x5f5f63695f6c6173745f726567656e65726174657c693a313532333935393738363b6964656e746974797c733a31393a2261646d696e4067756c6663796265722e636f6d223b757365726e616d657c733a343a2267756c66223b656d61696c7c733a31393a2261646d696e4067756c6663796265722e636f6d223b757365725f69647c733a313a2238223b6f6c645f6c6173745f6c6f67696e7c733a31303a2231353233393334313434223b6c6173745f69707c733a31333a2239342e3138352e35382e313034223b6176617461727c4e3b67656e6465727c4e3b67726f75705f69647c733a313a2231223b),
('tvjgprbj59a8ii3vh5v13dt1dqjtlr5t', '45.116.232.10', 1523959671, 0x5f5f63695f6c6173745f726567656e65726174657c693a313532333935393339393b6964656e746974797c733a31393a2261646d696e4067756c6663796265722e636f6d223b757365726e616d657c733a343a2267756c66223b656d61696c7c733a31393a2261646d696e4067756c6663796265722e636f6d223b757365725f69647c733a313a2238223b6f6c645f6c6173745f6c6f67696e7c733a31303a2231353233393334313434223b6c6173745f69707c733a31333a2239342e3138352e35382e313034223b6176617461727c4e3b67656e6465727c4e3b67726f75705f69647c733a313a2231223b),
('u0l09tv0q614m2lisnpnpbvie4m139pq', '82.178.83.143', 1523349561, 0x5f5f63695f6c6173745f726567656e65726174657c693a313532333334393332363b6964656e746974797c733a31333a227365656240756e70632e636f6d223b757365726e616d657c733a343a2273656562223b656d61696c7c733a31333a227365656240756e70632e636f6d223b757365725f69647c733a313a2237223b6f6c645f6c6173745f6c6f67696e7c733a31303a2231353232323130333735223b6c6173745f69707c733a31333a2238322e3137382e3131332e3335223b6176617461727c4e3b67656e6465727c733a343a226d616c65223b67726f75705f69647c733a313a2232223b),
('u4naccpnnc57rjht21684p99n4iiof3i', '211.115.79.122', 1523758541, 0x5f5f63695f6c6173745f726567656e65726174657c693a313532333735383534313b7265717565737465645f706167657c733a303a22223b),
('ui22prqs0rssto825k2jmvm50edg97kn', '94.185.58.104', 1523507383, 0x5f5f63695f6c6173745f726567656e65726174657c693a313532333530373139353b7265717565737465645f706167657c733a303a22223b6964656e746974797c733a31393a2261646d696e4067756c6663796265722e636f6d223b757365726e616d657c733a343a2267756c66223b656d61696c7c733a31393a2261646d696e4067756c6663796265722e636f6d223b757365725f69647c733a313a2238223b6f6c645f6c6173745f6c6f67696e7c733a31303a2231353233343936393737223b6c6173745f69707c733a31333a2239342e3138352e35382e313034223b6176617461727c4e3b67656e6465727c4e3b67726f75705f69647c733a313a2231223b),
('upmonds7pfb0ai7uo20h6cbedc4jcb6c', '94.185.58.104', 1524089024, 0x5f5f63695f6c6173745f726567656e65726174657c693a313532343038393032343b7265717565737465645f706167657c733a303a22223b);

-- --------------------------------------------------------

--
-- Table structure for table `tec_settings`
--

CREATE TABLE IF NOT EXISTS `tec_settings` (
  `setting_id` int(1) NOT NULL,
  `logo` varchar(255) NOT NULL,
  `site_name` varchar(55) NOT NULL,
  `rows_per_page` int(2) NOT NULL,
  `dateformat` varchar(20) DEFAULT NULL,
  `timeformat` varchar(20) DEFAULT NULL,
  `language` varchar(20) NOT NULL,
  `version` varchar(10) NOT NULL DEFAULT '1.0',
  `theme` varchar(20) NOT NULL,
  `timezone` varchar(255) NOT NULL DEFAULT '0',
  `default_email` varchar(100) DEFAULT NULL,
  `mmode` tinyint(1) NOT NULL,
  `captcha` tinyint(1) NOT NULL DEFAULT '1',
  `purchase_code` varchar(100) DEFAULT NULL,
  `envato_username` varchar(50) DEFAULT NULL,
  PRIMARY KEY (`setting_id`)
) ENGINE=InnoDB DEFAULT CHARSET=utf8;

--
-- Dumping data for table `tec_settings`
--

INSERT INTO `tec_settings` (`setting_id`, `logo`, `site_name`, `rows_per_page`, `dateformat`, `timeformat`, `language`, `version`, `theme`, `timezone`, `default_email`, `mmode`, `captcha`, `purchase_code`, `envato_username`) VALUES
(1, 'logo.png', 'United Number Plate L.L.C', 10, 'jS F Y', 'h:i A', 'english', '2.1', 'default', 'Asia/Kuala_Lumpur', 'admin@gulfcyber.com', 0, 0, NULL, NULL);

-- --------------------------------------------------------

--
-- Table structure for table `tec_stores`
--

CREATE TABLE IF NOT EXISTS `tec_stores` (
  `id` int(11) NOT NULL AUTO_INCREMENT,
  `store_name` varchar(50) NOT NULL,
  `location` varchar(50) NOT NULL,
  PRIMARY KEY (`id`)
) ENGINE=InnoDB  DEFAULT CHARSET=latin1 AUTO_INCREMENT=15 ;

--
-- Dumping data for table `tec_stores`
--

INSERT INTO `tec_stores` (`id`, `store_name`, `location`) VALUES
(7, 'Store 1 ', '1'),
(8, 'Store 2', '2'),
(9, 'Store 3', '3'),
(10, 'Store 4', '4'),
(11, 'Seeb', 'Seeb'),
(12, 'qurum', 'Qurum'),
(13, 'khoud', 'khoud'),
(14, 'amirat', 'amirat');

-- --------------------------------------------------------

--
-- Table structure for table `tec_suppliers`
--

CREATE TABLE IF NOT EXISTS `tec_suppliers` (
  `id` int(11) NOT NULL AUTO_INCREMENT,
  `name` varchar(55) NOT NULL,
  `cf1` varchar(255) NOT NULL,
  `cf2` varchar(255) NOT NULL,
  `phone` varchar(20) NOT NULL,
  `email` varchar(100) NOT NULL,
  PRIMARY KEY (`id`)
) ENGINE=InnoDB  DEFAULT CHARSET=utf8 AUTO_INCREMENT=3 ;

--
-- Dumping data for table `tec_suppliers`
--

INSERT INTO `tec_suppliers` (`id`, `name`, `cf1`, `cf2`, `phone`, `email`) VALUES
(1, 'Test Supplier', '', '', '012345678', 'test@supplier.com'),
(2, 'testing', '12', '123', '1122', 'test@gmail.com');

-- --------------------------------------------------------

--
-- Table structure for table `tec_users`
--

CREATE TABLE IF NOT EXISTS `tec_users` (
  `id` int(11) unsigned NOT NULL AUTO_INCREMENT,
  `last_ip_address` varbinary(45) DEFAULT NULL,
  `ip_address` varbinary(45) NOT NULL,
  `username` varchar(100) NOT NULL,
  `password` varchar(40) NOT NULL,
  `salt` varchar(40) DEFAULT NULL,
  `email` varchar(100) NOT NULL,
  `activation_code` varchar(40) DEFAULT NULL,
  `forgotten_password_code` varchar(40) DEFAULT NULL,
  `forgotten_password_time` int(11) unsigned DEFAULT NULL,
  `remember_code` varchar(40) DEFAULT NULL,
  `created_on` int(11) unsigned NOT NULL,
  `last_login` int(11) unsigned DEFAULT NULL,
  `active` tinyint(1) unsigned DEFAULT NULL,
  `first_name` varchar(50) DEFAULT NULL,
  `last_name` varchar(50) DEFAULT NULL,
  `company` varchar(100) DEFAULT NULL,
  `phone` varchar(20) DEFAULT NULL,
  `avatar` varchar(55) DEFAULT NULL,
  `gender` varchar(20) DEFAULT NULL,
  `group_id` int(10) unsigned NOT NULL,
  `store_id` int(11) NOT NULL,
  `hash` varchar(200) DEFAULT NULL,
  PRIMARY KEY (`id`),
  KEY `group_id` (`group_id`)
) ENGINE=InnoDB  DEFAULT CHARSET=utf8 AUTO_INCREMENT=14 ;

--
-- Dumping data for table `tec_users`
--

INSERT INTO `tec_users` (`id`, `last_ip_address`, `ip_address`, `username`, `password`, `salt`, `email`, `activation_code`, `forgotten_password_code`, `forgotten_password_time`, `remember_code`, `created_on`, `last_login`, `active`, `first_name`, `last_name`, `company`, `phone`, `avatar`, `gender`, `group_id`, `store_id`, `hash`) VALUES
(1, '39.42.127.251', '\0\0', 'admin', '7cade596aafed531d99dd25756ebd6305cbfeac3', NULL, 'admin@tecdiary.com', NULL, '6098efc68f769bb79f710ec1c7f4f217f4737794', 1439445583, NULL, 1351661704, 1516465954, 1, 'Admin', 'Admin', 'Simple Stock Manager', '012345678', NULL, 'male', 1, 0, NULL),
(2, '39.42.127.251', '::1', 'hamid', '45502865cbb6621c755316e4d675e849b2e2ab82', NULL, 'hamidmuslim@live.com', NULL, NULL, NULL, NULL, 1515170082, 1516466108, 1, 'hamid', 'Maqbool', NULL, '123123', NULL, 'male', 2, 7, NULL),
(3, '39.42.105.165', '39.42.105.165', 'sajidkhan', 'd339f74bb5dd38f1f542b44f8ceacf0d08aec3be', NULL, 'revodomains@gmail.com', NULL, NULL, NULL, NULL, 1515399425, 1515399466, 1, 'sajid', 'ali', NULL, '03451154458', NULL, 'male', 2, 3, NULL),
(5, NULL, '198.23.196.21', 'jhhkk', '92a5f73fe5024f438a7a4047b002a967d6d864d4', NULL, 'junkpk143@outlook.com', NULL, NULL, NULL, NULL, 1515408355, 1515408355, 1, 'Hamid', 'Maqbool', NULL, '213', NULL, 'male', 2, 4, NULL),
(7, '5.37.244.109', '94.185.25.16', 'seeb', 'eb827dd4afce66e066302410c706cbef419cb492', NULL, 'seeb@unpc.com', NULL, NULL, NULL, NULL, 1515680507, 1524112471, 1, 'seeb', 'seeb', NULL, '8887777', NULL, 'male', 2, 11, NULL),
(8, '94.185.58.104', '94.185.29.90', 'gulf', '3b419fb55a9a30e3003b156a3f01d766bfc23ccd', NULL, 'admin@gulfcyber.com', NULL, NULL, NULL, NULL, 1515850232, 1524135615, 1, 'GULF', 'gulf', NULL, '96781885', NULL, NULL, 1, 0, NULL),
(11, '94.185.57.180', '5.37.140.106', 'qurum', 'b7f7c87e6d0da7f952aab93b2d2da4c4edba1a9a', NULL, 'qurum@unpc.com', NULL, NULL, NULL, NULL, 1520237521, 1520410088, 1, 'qurum', '', NULL, '12345784', NULL, NULL, 2, 12, NULL),
(12, '94.185.57.180', '5.37.140.106', 'khoud', '16c23a2965610a25eedd2ba9c6e9accff6a082ed', NULL, 'khoud@unpc.com', NULL, NULL, NULL, NULL, 1520237662, 1520410111, 1, 'Khoud', '', NULL, '87548759', NULL, NULL, 2, 13, NULL),
(13, '94.185.57.180', '5.37.140.106', 'amirat', '5f93f396b27581a5bb7868b9fbdffd429dff256e', NULL, 'amirat@unpc.com', NULL, NULL, NULL, NULL, 1520237700, 1520410129, 1, 'amirat', '', NULL, '74857485', NULL, NULL, 2, 14, NULL);

-- --------------------------------------------------------

--
-- Table structure for table `tec_user_logins`
--

CREATE TABLE IF NOT EXISTS `tec_user_logins` (
  `id` int(11) NOT NULL AUTO_INCREMENT,
  `user_id` int(11) NOT NULL,
  `company_id` int(11) DEFAULT NULL,
  `ip_address` varbinary(16) NOT NULL,
  `login` varchar(100) NOT NULL,
  `time` timestamp NULL DEFAULT CURRENT_TIMESTAMP,
  PRIMARY KEY (`id`)
) ENGINE=InnoDB  DEFAULT CHARSET=utf8 AUTO_INCREMENT=143 ;

--
-- Dumping data for table `tec_user_logins`
--

INSERT INTO `tec_user_logins` (`id`, `user_id`, `company_id`, `ip_address`, `login`, `time`) VALUES
(1, 1, NULL, '::1', 'admin@tecdiary.com', '2018-01-01 08:55:24'),
(2, 1, NULL, '::1', 'admin@tecdiary.com', '2018-01-01 15:21:36'),
(3, 1, NULL, '::1', 'admin@tecdiary.com', '2018-01-02 04:44:36'),
(4, 1, NULL, '::1', 'admin@tecdiary.com', '2018-01-02 11:09:05'),
(5, 1, NULL, '::1', 'admin@tecdiary.com', '2018-01-02 14:09:37'),
(6, 1, NULL, '::1', 'admin@tecdiary.com', '2018-01-03 05:18:18'),
(7, 1, NULL, '::1', 'admin@tecdiary.com', '2018-01-05 12:20:31'),
(8, 1, NULL, '::1', 'admin@tecdiary.com', '2018-01-05 12:41:38'),
(9, 1, NULL, '::1', 'admin@tecdiary.com', '2018-01-05 16:27:05'),
(10, 1, NULL, '::1', 'admin@tecdiary.com', '2018-01-06 06:14:45'),
(11, 2, NULL, '::1', 'hamidmuslim@live.com', '2018-01-06 08:54:14'),
(12, 2, NULL, '::1', 'hamidmuslim@live.com', '2018-01-06 13:28:01'),
(13, 1, NULL, '::1', 'admin@tecdiary.com', '2018-01-06 14:59:34'),
(14, 2, NULL, '::1', 'hamidmuslim@live.com', '2018-01-07 06:10:14'),
(15, 2, NULL, '::1', 'hamidmuslim@live.com', '2018-01-07 07:02:49'),
(16, 1, NULL, '::1', 'admin@tecdiary.com', '2018-01-07 07:21:36'),
(17, 1, NULL, '::1', 'admin@tecdiary.com', '2018-01-07 13:52:20'),
(18, 2, NULL, '::1', 'hamidmuslim@live.com', '2018-01-07 14:18:54'),
(19, 1, NULL, '::1', 'admin@tecdiary.com', '2018-01-07 17:07:43'),
(20, 2, NULL, '::1', 'hamidmuslim@live.com', '2018-01-07 17:41:54'),
(21, 1, NULL, '::1', 'admin@tecdiary.com', '2018-01-08 05:56:08'),
(22, 2, NULL, '::1', 'hamidmuslim@live.com', '2018-01-08 06:18:23'),
(23, 2, NULL, '39.42.105.165', 'hamidmuslim@live.com', '2018-01-08 06:36:59'),
(24, 1, NULL, '39.42.105.165', 'admin@tecdiary.com', '2018-01-08 06:41:09'),
(25, 1, NULL, '39.42.105.165', 'admin@tecdiary.com', '2018-01-08 08:15:17'),
(26, 3, NULL, '39.42.105.165', 'revodomains@gmail.com', '2018-01-08 08:17:46'),
(27, 1, NULL, '39.42.105.165', 'admin@tecdiary.com', '2018-01-08 08:48:53'),
(28, 1, NULL, '94.185.25.16', 'admin@tecdiary.com', '2018-01-08 14:55:22'),
(29, 1, NULL, '94.185.25.16', 'admin@tecdiary.com', '2018-01-08 15:12:04'),
(30, 1, NULL, '39.42.105.165', 'admin@tecdiary.com', '2018-01-08 15:28:22'),
(31, 1, NULL, '94.185.25.16', 'admin@tecdiary.com', '2018-01-08 15:55:59'),
(32, 1, NULL, '94.185.25.16', 'admin@tecdiary.com', '2018-01-09 03:06:07'),
(33, 1, NULL, '39.42.105.165', 'admin@tecdiary.com', '2018-01-09 08:31:03'),
(34, 1, NULL, '94.185.25.16', 'admin@tecdiary.com', '2018-01-11 14:16:51'),
(35, 7, NULL, '94.185.25.16', 'seeb@seeb.com', '2018-01-11 14:26:59'),
(36, 1, NULL, '94.185.25.16', 'admin@tecdiary.com', '2018-01-11 14:30:29'),
(37, 1, NULL, '94.185.25.16', 'admin@tecdiary.com', '2018-01-11 17:48:07'),
(38, 7, NULL, '94.185.25.16', 'seeb@seeb.com', '2018-01-11 17:51:06'),
(39, 1, NULL, '94.185.29.90', 'admin@tecdiary.com', '2018-01-13 13:28:22'),
(40, 8, NULL, '94.185.29.90', 'admin@gulfcyber.com', '2018-01-13 16:17:01'),
(41, 9, NULL, '94.185.29.90', 'store1@store1.com', '2018-01-13 17:31:18'),
(42, 9, NULL, '94.185.29.90', 'store1@store1.com', '2018-01-13 17:35:52'),
(43, 10, NULL, '94.185.29.90', 'store2@store2.com', '2018-01-13 18:32:59'),
(44, 8, NULL, '94.185.29.90', 'admin@gulfcyber.com', '2018-01-14 05:32:18'),
(45, 8, NULL, '94.185.29.90', 'admin@gulfcyber.com', '2018-01-14 17:02:58'),
(46, 8, NULL, '94.185.29.90', 'admin@gulfcyber.com', '2018-01-15 08:29:29'),
(47, 8, NULL, '5.36.118.43', 'admin@gulfcyber.com', '2018-01-16 05:48:02'),
(48, 9, NULL, '5.36.118.43', 'store1@store1.com', '2018-01-16 05:48:49'),
(49, 9, NULL, '37.200.156.125', 'store1@store1.com', '2018-01-16 06:33:00'),
(50, 8, NULL, '37.200.156.125', 'admin@gulfcyber.com', '2018-01-16 06:48:21'),
(51, 8, NULL, '37.200.156.125', 'admin@gulfcyber.com', '2018-01-16 06:51:15'),
(52, 8, NULL, '94.185.29.90', 'admin@gulfcyber.com', '2018-01-17 05:43:36'),
(53, 1, NULL, '39.42.102.223', 'admin@tecdiary.com', '2018-01-18 08:50:47'),
(54, 8, NULL, '94.185.29.90', 'admin@gulfcyber.com', '2018-01-18 13:50:18'),
(55, 9, NULL, '94.185.29.90', 'store1@store1.com', '2018-01-18 14:34:28'),
(56, 1, NULL, '39.42.127.251', 'admin@tecdiary.com', '2018-01-20 16:32:34'),
(57, 2, NULL, '39.42.127.251', 'hamidmuslim@live.com', '2018-01-20 16:35:08'),
(58, 8, NULL, '94.185.29.90', 'admin@gulfcyber.com', '2018-01-21 13:45:58'),
(59, 9, NULL, '94.185.29.90', 'store1@store1.com', '2018-01-21 13:47:05'),
(60, 8, NULL, '94.185.29.90', 'admin@gulfcyber.com', '2018-01-24 04:30:26'),
(61, 8, NULL, '94.185.29.90', 'admin@gulfcyber.com', '2018-01-24 05:20:15'),
(62, 8, NULL, '94.185.29.90', 'admin@gulfcyber.com', '2018-01-24 06:12:58'),
(63, 8, NULL, '94.185.29.90', 'admin@gulfcyber.com', '2018-01-24 08:00:04'),
(64, 8, NULL, '94.185.29.90', 'admin@gulfcyber.com', '2018-01-24 08:02:15'),
(65, 9, NULL, '94.185.29.90', 'store1@store1.com', '2018-01-24 08:32:04'),
(66, 9, NULL, '94.185.60.132', 'store1@store1.com', '2018-02-08 04:30:48'),
(67, 8, NULL, '94.185.57.180', 'admin@gulfcyber.com', '2018-02-27 18:39:25'),
(68, 7, NULL, '94.185.57.180', 'seeb@seeb.com', '2018-02-27 18:42:35'),
(69, 8, NULL, '94.185.57.180', 'admin@gulfcyber.com', '2018-02-27 18:46:00'),
(70, 7, NULL, '85.154.81.183', 'seeb@seeb.com', '2018-02-28 04:17:26'),
(71, 7, NULL, '82.178.74.140', 'seeb@seeb.com', '2018-02-28 06:17:03'),
(72, 8, NULL, '82.178.74.140', 'admin@gulfcyber.com', '2018-02-28 06:22:36'),
(73, 7, NULL, '82.178.74.140', 'seeb@seeb.com', '2018-02-28 06:25:04'),
(74, 8, NULL, '94.185.57.180', 'admin@gulfcyber.com', '2018-03-03 11:38:18'),
(75, 7, NULL, '82.178.149.99', 'seeb@seeb.com', '2018-03-05 04:48:07'),
(76, 7, NULL, '82.178.149.99', 'seeb@seeb.com', '2018-03-05 04:52:07'),
(77, 8, NULL, '5.37.140.106', 'admin@gulfcyber.com', '2018-03-05 08:08:42'),
(78, 7, NULL, '85.154.76.36', 'seeb@unpc.com', '2018-03-05 08:41:05'),
(79, 7, NULL, '94.185.57.180', 'seeb@unpc.com', '2018-03-07 08:07:30'),
(80, 11, NULL, '94.185.57.180', 'qurum@unpc.com', '2018-03-07 08:08:08'),
(81, 12, NULL, '94.185.57.180', 'khoud@unpc.com', '2018-03-07 08:08:31'),
(82, 13, NULL, '94.185.57.180', 'amirat@unpc.com', '2018-03-07 08:08:49'),
(83, 7, NULL, '85.154.21.226', 'seeb@unpc.com', '2018-03-07 08:25:43'),
(84, 7, NULL, '85.154.203.86', 'seeb@unpc.com', '2018-03-12 05:00:28'),
(85, 7, NULL, '5.37.249.236', 'seeb@unpc.com', '2018-03-13 06:04:04'),
(86, 8, NULL, '5.37.249.236', 'admin@gulfcyber.com', '2018-03-13 06:05:51'),
(87, 7, NULL, '94.185.57.180', 'seeb@unpc.com', '2018-03-17 13:01:32'),
(88, 8, NULL, '94.185.57.180', 'admin@gulfcyber.com', '2018-03-17 13:04:22'),
(89, 7, NULL, '94.185.57.180', 'seeb@unpc.com', '2018-03-17 13:05:27'),
(90, 8, NULL, '94.185.57.180', 'admin@gulfcyber.com', '2018-03-17 13:12:04'),
(91, 7, NULL, '94.185.57.180', 'seeb@unpc.com', '2018-03-17 13:12:51'),
(92, 8, NULL, '94.185.57.180', 'admin@gulfcyber.com', '2018-03-17 13:25:23'),
(93, 7, NULL, '94.185.57.180', 'seeb@unpc.com', '2018-03-17 13:32:00'),
(94, 8, NULL, '94.185.57.180', 'admin@gulfcyber.com', '2018-03-17 14:05:01'),
(95, 7, NULL, '5.36.145.203', 'seeb@unpc.com', '2018-03-18 06:05:07'),
(96, 8, NULL, '5.36.145.203', 'admin@gulfcyber.com', '2018-03-18 06:09:24'),
(97, 7, NULL, '5.36.145.203', 'seeb@unpc.com', '2018-03-18 06:15:14'),
(98, 7, NULL, '5.36.145.203', 'seeb@unpc.com', '2018-03-18 06:28:41'),
(99, 8, NULL, '5.36.145.203', 'admin@gulfcyber.com', '2018-03-18 06:54:24'),
(100, 7, NULL, '5.36.145.203', 'seeb@unpc.com', '2018-03-18 06:58:54'),
(101, 8, NULL, '94.185.57.180', 'admin@gulfcyber.com', '2018-03-18 09:47:16'),
(102, 7, NULL, '82.178.0.115', 'seeb@unpc.com', '2018-03-19 06:17:07'),
(103, 7, NULL, '5.37.249.145', 'seeb@unpc.com', '2018-03-21 04:34:08'),
(104, 7, NULL, '82.178.94.141', 'seeb@unpc.com', '2018-03-25 08:14:01'),
(105, 7, NULL, '82.178.94.141', 'seeb@unpc.com', '2018-03-25 08:18:50'),
(106, 7, NULL, '5.36.138.152', 'seeb@unpc.com', '2018-03-27 06:07:57'),
(107, 7, NULL, '82.178.133.51', 'seeb@unpc.com', '2018-03-27 09:50:29'),
(108, 7, NULL, '82.178.133.51', 'seeb@unpc.com', '2018-03-27 09:50:45'),
(109, 7, NULL, '82.178.133.51', 'seeb@unpc.com', '2018-03-27 09:51:05'),
(110, 8, NULL, '94.185.57.180', 'admin@gulfcyber.com', '2018-03-27 12:54:26'),
(111, 7, NULL, '82.178.113.35', 'seeb@unpc.com', '2018-03-28 04:12:55'),
(112, 8, NULL, '94.185.57.180', 'admin@gulfcyber.com', '2018-04-04 06:46:26'),
(113, 7, NULL, '82.178.6.123', 'seeb@unpc.com', '2018-04-10 04:07:06'),
(114, 7, NULL, '5.36.156.125', 'seeb@unpc.com', '2018-04-11 04:28:56'),
(115, 8, NULL, '94.185.58.104', 'admin@gulfcyber.com', '2018-04-11 18:20:35'),
(116, 8, NULL, '94.185.58.104', 'admin@gulfcyber.com', '2018-04-12 01:36:17'),
(117, 8, NULL, '94.185.58.104', 'admin@gulfcyber.com', '2018-04-12 04:26:42'),
(118, 7, NULL, '5.37.244.239', 'seeb@unpc.com', '2018-04-12 05:03:43'),
(119, 8, NULL, '94.185.58.104', 'admin@gulfcyber.com', '2018-04-12 10:41:02'),
(120, 8, NULL, '94.185.58.104', 'admin@gulfcyber.com', '2018-04-13 03:17:58'),
(121, 8, NULL, '94.185.58.104', 'admin@gulfcyber.com', '2018-04-13 05:51:53'),
(122, 8, NULL, '94.185.58.104', 'admin@gulfcyber.com', '2018-04-13 09:30:08'),
(123, 8, NULL, '94.185.58.104', 'admin@gulfcyber.com', '2018-04-14 03:25:49'),
(124, 8, NULL, '94.185.58.104', 'admin@gulfcyber.com', '2018-04-15 05:55:50'),
(125, 8, NULL, '94.185.58.104', 'admin@gulfcyber.com', '2018-04-16 04:06:47'),
(126, 8, NULL, '94.185.58.104', 'admin@gulfcyber.com', '2018-04-16 09:35:29'),
(127, 8, NULL, '94.185.58.104', 'admin@gulfcyber.com', '2018-04-16 13:15:31'),
(128, 8, NULL, '94.185.58.104', 'admin@gulfcyber.com', '2018-04-16 20:11:46'),
(129, 8, NULL, '94.185.58.104', 'admin@gulfcyber.com', '2018-04-17 03:02:24'),
(130, 7, NULL, '5.36.147.225', 'seeb@unpc.com', '2018-04-17 04:07:52'),
(131, 7, NULL, '82.178.134.140', 'seeb@unpc.com', '2018-04-17 09:29:49'),
(132, 8, NULL, '45.116.232.10', 'admin@gulfcyber.com', '2018-04-17 09:48:22'),
(133, 8, NULL, '94.185.58.104', 'admin@gulfcyber.com', '2018-04-17 15:18:57'),
(134, 8, NULL, '94.185.58.104', 'admin@gulfcyber.com', '2018-04-17 18:58:29'),
(135, 7, NULL, '5.36.192.116', 'seeb@unpc.com', '2018-04-18 04:56:22'),
(136, 8, NULL, '94.185.58.104', 'admin@gulfcyber.com', '2018-04-18 05:03:14'),
(137, 8, NULL, '94.185.58.104', 'admin@gulfcyber.com', '2018-04-18 11:38:46'),
(138, 8, NULL, '94.185.58.104', 'admin@gulfcyber.com', '2018-04-18 22:03:52'),
(139, 7, NULL, '5.37.244.109', 'seeb@unpc.com', '2018-04-19 04:34:31'),
(140, 8, NULL, '94.185.58.104', 'admin@gulfcyber.com', '2018-04-19 10:29:47'),
(141, 8, NULL, '94.185.58.104', 'admin@gulfcyber.com', '2018-04-19 10:58:46'),
(142, 8, NULL, '94.185.58.104', 'admin@gulfcyber.com', '2018-04-19 11:00:15');

/*!40101 SET CHARACTER_SET_CLIENT=@OLD_CHARACTER_SET_CLIENT */;
/*!40101 SET CHARACTER_SET_RESULTS=@OLD_CHARACTER_SET_RESULTS */;
/*!40101 SET COLLATION_CONNECTION=@OLD_COLLATION_CONNECTION */;
